Player,Pos,Age,Tm,G,GS,MP,FG,FGA,FG%,3P,3PA,3P%,2P,2PA,2P%,eFG%,FT,FTA,FT%,ORB,DRB,TRB,AST,STL,BLK,TOV,PF,PTS,3PAr,AST%,BLK%,BPM,DBPM,DRB%,DWS,FTr,OBPM,ORB%,OWS,PER,STL%,TOV%,TRB%,TS%,USG%,VORP,WS,WS/48,Salary,SalaryAdj
Steven Adams,C,27,NOP,58,58,1605,189,308,0.614,0,3,0.0,189,305,0.62,0.614,60,135,0.444,213,301,514,111,54,38,78,113,438,0.01,9.1,2.2,-0.3,0.1,20.4,1.7,0.438,-0.4,14.4,2.3,15.1,1.6,17.5,17.4,0.596,11.7,0.7,4.0,0.119,17073171.0,18619958.0
Bam Adebayo,C,23,MIA,64,64,2143,456,800,0.57,2,8,0.25,454,792,0.573,0.571,283,354,0.799,142,431,573,346,75,66,169,145,1197,0.01,26.9,3.2,4.9,2.0,22.6,3.2,0.443,2.9,7.7,5.6,22.7,1.7,15.0,15.3,0.626,23.7,3.7,8.8,0.197,28103500.0,30649609.0
LaMarcus Aldridge,C,35,TOT,26,23,674,140,296,0.473,31,80,0.388,109,216,0.505,0.525,41,47,0.872,19,99,118,49,11,29,27,47,352,0.27,11.0,3.7,-0.3,-0.2,15.8,0.6,0.159,-0.2,3.0,0.5,15.7,0.8,7.9,9.4,0.556,22.2,0.3,1.1,0.08,2641691.0,2881021.0
Nickeil Alexander-Walker,SG,22,NOP,46,13,1007,192,458,0.419,76,219,0.347,116,239,0.485,0.502,48,66,0.727,13,131,144,102,47,22,69,88,508,0.478,14.7,2.1,-1.3,0.1,14.1,1.0,0.144,-1.4,1.4,-0.3,12.5,2.2,12.4,7.8,0.522,23.2,0.2,0.7,0.035,3261480.0,3556962.0
Grayson Allen,SG,25,MEM,50,38,1259,173,414,0.418,107,274,0.391,66,140,0.471,0.547,79,91,0.868,19,141,160,108,46,8,48,71,532,0.662,11.5,0.6,-0.2,0.1,12.0,1.2,0.22,-0.2,1.6,1.5,12.8,1.7,9.6,6.7,0.586,16.8,0.6,2.7,0.101,4054695.0,4422040.0
Jarrett Allen,C,22,TOT,63,45,1864,298,482,0.618,6,19,0.316,292,463,0.631,0.624,204,290,0.703,196,435,631,106,32,90,100,96,806,0.039,8.7,4.3,1.1,-0.2,26.3,2.1,0.602,1.3,11.6,4.3,20.1,0.8,14.1,18.9,0.661,16.6,1.4,6.4,0.166,20000000.0,21811951.0
Al-Farouq Aminu,PF,30,TOT,23,14,434,38,99,0.384,8,37,0.216,30,62,0.484,0.424,18,22,0.818,22,88,110,31,19,9,28,29,102,0.374,10.1,1.9,-3.8,1.1,21.9,0.5,0.222,-4.9,5.1,-0.4,8.9,2.1,20.5,13.3,0.469,13.6,-0.2,0.1,0.01,10335621.0,11272002.0
Kyle Anderson,PF,27,MEM,69,69,1887,308,658,0.468,94,261,0.36,214,397,0.539,0.54,144,184,0.783,52,344,396,250,84,57,86,120,854,0.397,18.3,2.7,3.3,1.9,19.5,2.7,0.28,1.4,2.9,2.9,17.2,2.1,10.4,11.1,0.578,18.5,2.5,5.6,0.143,9937150.0,10837431.0
Giannis Antetokounmpo,PF,26,MIL,61,61,2013,626,1100,0.569,67,221,0.303,559,879,0.636,0.6,398,581,0.685,97,574,671,357,72,73,207,168,1717,0.201,28.7,3.2,9.0,2.8,28.9,3.3,0.528,6.2,5.3,6.9,29.2,1.7,13.2,17.5,0.633,32.5,5.6,10.2,0.244,39344900.0,42909452.0
Thanasis Antetokounmpo,SF,28,MIL,57,3,551,67,137,0.489,7,29,0.241,60,108,0.556,0.515,25,49,0.51,54,70,124,46,22,10,43,74,166,0.212,10.3,1.6,-3.5,0.2,12.9,0.6,0.358,-3.7,10.7,0.0,10.3,1.9,21.3,11.8,0.523,15.3,-0.2,0.7,0.057,1729217.0,1885879.0
Carmelo Anthony,PF,36,POR,69,3,1690,327,777,0.421,133,325,0.409,194,452,0.429,0.506,137,154,0.89,32,182,214,104,46,38,61,144,924,0.418,9.2,2.0,-1.1,-1.3,11.8,0.8,0.198,0.2,2.0,1.7,14.6,1.3,6.7,6.8,0.547,23.1,0.4,2.6,0.073,2641691.0,2881021.0
Cole Anthony,PG,20,ORL,47,34,1273,219,552,0.397,58,172,0.337,161,380,0.424,0.449,109,131,0.832,38,183,221,192,30,18,106,98,605,0.312,24.2,1.3,-3.3,-1.4,15.4,0.9,0.237,-1.9,3.0,-0.9,12.1,1.1,14.8,9.0,0.496,24.3,-0.4,0.0,-0.001,3449400.0,3761907.0
OG Anunoby,SF,23,TOR,43,43,1433,249,519,0.48,104,261,0.398,145,258,0.562,0.58,80,102,0.784,54,183,237,94,66,32,75,114,682,0.503,10.1,2.2,1.2,0.4,14.6,1.6,0.197,0.8,4.0,1.5,15.4,2.2,11.7,9.1,0.605,19.3,1.2,3.1,0.104,16071429.0,17527461.0
Ryan Arcidiacono,PG,26,CHI,44,0,450,49,117,0.419,25,67,0.373,24,50,0.48,0.526,13,20,0.65,5,62,67,56,9,0,10,47,136,0.573,16.3,0.0,-2.3,0.3,15.1,0.4,0.171,-2.6,1.2,0.5,9.8,1.0,7.4,8.3,0.541,13.1,0.0,0.9,0.093,774727.0,844915.0
Trevor Ariza,SF,35,MIA,30,27,841,99,241,0.411,50,143,0.35,49,98,0.5,0.515,34,44,0.773,27,117,144,55,31,18,21,55,282,0.593,9.4,2.2,-1.1,0.1,15.6,1.0,0.183,-1.2,3.7,0.5,11.9,1.8,7.5,9.8,0.542,15.1,0.2,1.6,0.091,2641691.0,2881021.0
Deni Avdija,SF,20,WAS,54,32,1257,130,312,0.417,53,168,0.315,77,144,0.535,0.502,29,45,0.644,22,240,262,63,32,15,33,140,342,0.538,6.3,1.0,-3.1,0.4,20.2,1.2,0.144,-3.6,1.9,0.0,7.6,1.2,9.0,11.0,0.515,12.0,-0.4,1.2,0.046,4692840.0,5117999.0
Deandre Ayton,C,22,PHO,69,69,2115,430,687,0.626,4,20,0.2,426,667,0.639,0.629,133,173,0.769,228,499,727,99,41,81,103,196,997,0.029,6.8,3.4,1.2,0.1,26.3,3.1,0.252,1.1,12.4,5.3,20.3,1.0,11.9,19.5,0.653,18.2,1.7,8.4,0.191,12632950.0,13777464.0
Udoka Azubuike,C,21,UTA,15,0,57,4,9,0.444,0,0,0.0,4,9,0.444,0.444,8,10,0.8,4,9,13,0,1,4,3,9,16,0.0,0.0,5.7,-3.8,1.7,16.0,0.1,1.111,-5.5,7.8,0.0,10.3,0.9,18.3,12.1,0.597,12.4,0.0,0.1,0.119,2075880.0,2263949.0
LaMelo Ball,PG,19,CHO,51,31,1469,293,672,0.436,92,261,0.352,201,411,0.489,0.504,125,165,0.758,63,239,302,313,81,18,145,136,803,0.388,33.9,1.2,1.8,0.7,17.9,1.9,0.246,1.1,4.6,1.0,17.5,2.7,16.3,11.1,0.539,26.1,1.4,2.8,0.093,8231760.0,8977537.0
Lonzo Ball,PG,23,NOP,55,55,1747,290,700,0.414,172,455,0.378,118,245,0.482,0.537,50,64,0.781,33,230,263,316,82,31,123,103,802,0.65,25.4,1.7,1.7,0.3,14.3,1.7,0.091,1.4,2.1,1.5,15.2,2.3,14.5,8.2,0.551,20.5,1.6,3.2,0.089,18604651.0,20290187.0
Mo Bamba,C,22,ORL,46,5,725,142,301,0.472,38,118,0.322,104,183,0.568,0.535,45,66,0.682,76,189,265,35,14,58,36,87,367,0.392,8.1,7.3,0.1,0.0,28.0,1.1,0.219,0.2,10.5,0.7,19.3,0.9,9.8,19.0,0.556,21.8,0.4,1.8,0.117,7568743.0,8254452.0
Desmond Bane,SG,22,MEM,68,17,1519,234,499,0.469,117,271,0.432,117,228,0.513,0.586,40,49,0.816,31,179,210,118,41,16,59,125,625,0.543,10.6,0.9,-0.8,-0.2,12.6,1.3,0.098,-0.6,2.1,1.6,12.2,1.3,10.2,7.3,0.6,16.1,0.5,2.9,0.093,2033160.0,2217359.0
Harrison Barnes,PF,28,SAC,58,58,2102,319,642,0.497,100,256,0.391,219,386,0.567,0.575,195,235,0.83,64,321,385,201,43,11,93,75,933,0.399,13.0,0.4,0.2,-1.3,17.2,0.5,0.366,1.5,3.3,4.0,15.4,1.0,11.1,10.2,0.626,17.2,1.1,4.5,0.103,20284091.0,22121780.0
RJ Barrett,SG,20,NYK,72,72,2511,467,1060,0.441,124,309,0.401,343,751,0.457,0.499,206,276,0.746,68,346,414,217,53,20,139,188,1264,0.292,13.8,0.8,-1.2,-0.3,14.8,3.1,0.26,-0.9,3.0,0.9,13.4,1.1,10.5,8.9,0.535,23.4,0.5,4.1,0.078,8623920.0,9405226.0
Will Barton,SF,30,DEN,56,52,1736,259,608,0.426,98,257,0.381,161,351,0.459,0.507,95,121,0.785,39,187,226,181,50,23,96,95,711,0.423,14.1,1.3,-1.9,-0.8,12.2,1.5,0.199,-1.0,2.6,0.7,11.8,1.4,12.7,7.4,0.538,19.0,0.1,2.2,0.061,15625000.0,17040587.0
Keita Bates-Diop,SF,25,SAS,30,0,245,30,67,0.448,5,17,0.294,25,50,0.5,0.485,14,21,0.667,9,40,49,12,11,5,7,11,79,0.254,6.6,1.7,-1.9,0.4,17.7,0.3,0.313,-2.3,3.8,0.1,12.0,2.2,8.4,10.6,0.518,14.8,0.0,0.3,0.068,1729217.0,1885879.0
Nicolas Batum,SF,32,LAC,67,38,1835,191,412,0.464,110,272,0.404,81,140,0.579,0.597,48,58,0.828,50,266,316,148,69,37,53,102,540,0.66,10.5,1.8,2.1,1.5,15.9,2.3,0.141,0.6,3.2,2.7,12.9,1.9,10.8,9.7,0.617,11.8,1.9,5.0,0.132,12026998.0,13116613.0
Kent Bazemore,SF,31,GSW,67,18,1333,176,392,0.449,75,184,0.408,101,208,0.486,0.545,54,78,0.692,26,203,229,108,69,33,82,158,481,0.469,11.1,2.2,-1.2,1.7,16.0,2.1,0.199,-2.9,2.1,-0.2,10.6,2.4,16.1,9.1,0.564,16.3,0.2,1.8,0.065,2401537.0,2619110.0
Darius Bazley,PF,20,OKC,55,55,1714,273,690,0.396,83,286,0.29,190,404,0.47,0.456,125,178,0.702,51,345,396,99,29,25,122,60,754,0.414,8.9,1.3,-4.4,-1.3,21.2,1.4,0.258,-3.1,3.1,-2.3,9.7,0.8,13.7,12.0,0.491,22.1,-1.0,-0.9,-0.026,2513040.0,2740715.0
Bradley Beal,SG,27,WAS,60,60,2147,670,1382,0.485,130,373,0.349,540,1009,0.535,0.532,408,459,0.889,72,211,283,265,69,22,187,140,1878,0.27,21.3,0.9,3.4,-1.4,10.4,1.7,0.332,4.8,3.6,4.2,22.7,1.5,10.6,7.0,0.593,34.1,2.9,5.9,0.132,33724200.0,36779530.0
Malik Beasley,SG,24,MIN,37,36,1214,264,600,0.44,128,321,0.399,136,279,0.487,0.547,68,80,0.85,28,134,162,88,30,7,60,62,724,0.535,11.6,0.5,-0.2,-1.8,12.4,0.4,0.133,1.6,2.4,0.9,14.6,1.2,8.6,7.2,0.57,24.0,0.6,1.3,0.053,14491964.0,15804900.0
Jordan Bell,C,26,TOT,6,1,82,7,22,0.318,0,2,0.0,7,20,0.35,0.318,1,2,0.5,7,17,24,7,3,5,4,7,15,0.091,10.6,5.2,-5.8,0.1,21.9,0.1,0.091,-5.9,9.1,-0.1,8.0,1.7,14.9,15.5,0.328,13.6,-0.1,0.0,-0.008,102831.0,112147.0
Patrick Beverley,PG,32,LAC,37,34,832,93,220,0.423,56,141,0.397,37,79,0.468,0.55,36,45,0.8,29,90,119,76,29,28,34,108,278,0.641,12.0,3.0,0.7,1.4,11.8,1.0,0.205,-0.7,4.0,1.0,12.0,1.7,12.4,8.0,0.58,14.6,0.6,2.1,0.119,14320987.0,15618433.0
Saddiq Bey,SF,21,DET,70,53,1909,279,691,0.404,175,460,0.38,104,231,0.45,0.53,124,147,0.844,43,275,318,95,52,14,60,110,857,0.666,7.6,0.6,-0.5,-0.8,16.2,1.7,0.213,0.3,2.5,1.6,12.6,1.3,7.4,9.3,0.567,18.7,0.7,3.3,0.082,2824320.0,3080196.0
Khem Birch,C,28,TOT,67,22,1529,189,380,0.497,13,52,0.25,176,328,0.537,0.514,91,129,0.705,174,213,387,89,48,50,44,113,482,0.137,8.5,3.1,-1.0,0.1,15.3,1.4,0.339,-1.0,11.6,2.3,15.1,1.5,9.2,13.4,0.552,13.6,0.4,3.8,0.118,6350000.0,6925294.0
Goga Bitadze,C,21,IND,45,3,561,83,194,0.428,20,79,0.253,63,115,0.548,0.479,45,61,0.738,60,90,150,37,9,60,17,94,231,0.407,8.9,8.7,-1.0,1.0,17.3,0.8,0.314,-2.0,11.7,0.7,16.3,0.8,7.1,14.5,0.523,18.1,0.1,1.5,0.129,3098400.0,3379107.0
Bismack Biyombo,C,28,CHO,66,36,1349,142,242,0.587,0,1,0.0,142,241,0.589,0.587,47,105,0.448,137,210,347,81,17,74,71,141,331,0.004,8.3,5.4,-3.0,0.4,17.1,1.4,0.434,-3.4,10.8,0.9,11.7,0.6,19.8,13.9,0.574,11.5,-0.4,2.3,0.081,1518213.0,1655759.0
Nemanja Bjelica,PF,32,TOT,37,3,595,89,196,0.454,27,85,0.318,62,111,0.559,0.523,37,51,0.725,29,98,127,69,15,5,33,68,242,0.434,16.2,0.8,-2.2,-0.8,18.5,0.3,0.26,-1.4,5.4,0.5,12.9,1.2,13.1,11.9,0.554,18.4,0.0,0.9,0.071,2089448.0,2278746.0
Eric Bledsoe,SG,31,NOP,71,70,2111,307,730,0.421,121,355,0.341,186,375,0.496,0.503,134,195,0.687,29,215,244,268,55,24,114,112,869,0.486,17.3,1.1,-2.0,-0.9,11.1,1.3,0.267,-1.2,1.5,1.1,11.5,1.2,12.3,6.3,0.533,18.5,0.0,2.3,0.053,18125000.0,19767081.0
Keljin Blevins,SF,25,POR,17,0,75,5,20,0.25,2,8,0.25,3,12,0.25,0.3,0,0,0.0,3,7,10,4,2,0,5,8,12,0.4,6.7,0.0,-10.7,-2.3,10.3,0.0,0.0,-8.3,4.2,-0.2,-0.9,1.3,20.0,7.1,0.3,14.3,-0.2,-0.2,-0.137,462629.0,504542.0
Bol Bol,PF,21,DEN,32,2,160,25,58,0.431,9,24,0.375,16,34,0.471,0.509,10,15,0.667,0,24,24,7,3,10,13,14,69,0.414,6.0,6.1,-4.1,-0.3,16.9,0.2,0.259,-3.8,0.0,-0.2,9.4,0.9,16.8,8.5,0.534,21.2,-0.1,0.0,-0.004,2161152.0,2356947.0
Isaac Bonga,SF,21,WAS,40,8,432,30,81,0.37,13,47,0.277,17,34,0.5,0.451,5,8,0.625,18,48,66,23,11,9,22,63,78,0.58,6.5,1.7,-5.8,0.0,11.7,0.4,0.099,-5.8,4.4,-0.4,4.0,1.2,20.7,8.1,0.461,10.2,-0.4,0.0,-0.001,1729217.0,1885879.0
Devin Booker,SG,24,PHO,67,67,2270,623,1287,0.484,126,371,0.34,497,916,0.543,0.533,340,392,0.867,34,247,281,289,53,16,207,181,1712,0.288,20.6,0.6,0.3,-1.4,12.1,2.0,0.305,1.7,1.7,2.9,19.2,1.2,12.4,7.0,0.587,32.7,1.3,4.9,0.104,31650600.0,34518067.0
Chris Boucher,C,28,TOR,60,14,1453,288,560,0.514,90,235,0.383,198,325,0.609,0.595,152,193,0.788,117,287,404,63,35,111,46,166,818,0.42,6.9,7.6,3.3,0.6,22.5,2.1,0.345,2.7,8.5,4.0,21.9,1.2,6.7,15.3,0.634,20.5,2.0,6.1,0.201,7020000.0,7655995.0
Avery Bradley,SG,30,TOT,27,6,602,64,171,0.374,33,101,0.327,31,70,0.443,0.471,12,15,0.8,8,49,57,46,21,3,28,55,173,0.591,10.8,0.5,-5.4,-0.5,9.1,0.4,0.088,-4.9,1.4,-0.5,6.3,1.7,13.6,5.2,0.487,14.9,-0.5,-0.1,-0.008,2641691.0,2881021.0
Tony Bradley,C,23,TOT,42,8,684,131,197,0.665,0,3,0.0,131,194,0.675,0.665,38,55,0.691,85,154,239,37,15,30,33,61,300,0.015,8.5,3.9,1.3,0.1,24.0,1.0,0.279,1.2,13.3,1.8,20.7,1.0,13.0,18.6,0.678,15.8,0.6,2.7,0.192,1789256.0,1951358.0
Ignas Brazdeikis,SF,22,TOT,13,0,249,35,83,0.422,11,28,0.393,24,55,0.436,0.488,10,14,0.714,11,34,45,17,4,3,12,22,91,0.337,10.5,1.1,-5.3,-2.1,14.7,0.1,0.169,-3.2,4.5,-0.1,9.5,0.8,11.9,9.4,0.51,17.6,-0.2,0.1,0.016,462629.0,504542.0
Mikal Bridges,SF,24,PHO,72,72,2348,363,669,0.543,134,315,0.425,229,354,0.647,0.643,110,131,0.84,76,233,309,152,76,63,57,116,970,0.471,8.8,2.4,3.3,0.9,11.1,2.6,0.196,2.4,3.7,5.4,16.4,1.6,7.3,7.5,0.667,14.9,3.1,8.0,0.164,5557725.0,6061241.0
Miles Bridges,PF,22,CHO,66,19,1932,313,622,0.503,116,290,0.4,197,332,0.593,0.596,98,113,0.867,81,316,397,147,44,52,106,143,840,0.466,11.4,2.7,0.2,0.1,18.0,1.9,0.182,0.2,4.5,2.4,14.7,1.1,13.6,11.1,0.625,17.3,1.1,4.2,0.105,5421493.0,5912667.0
Oshae Brissett,SF,22,IND,21,16,519,73,151,0.483,33,78,0.423,40,73,0.548,0.593,50,65,0.769,29,86,115,18,19,20,10,32,229,0.517,4.6,3.1,0.6,-0.5,17.9,0.6,0.43,1.1,6.1,1.2,17.2,1.7,5.3,12.0,0.638,15.6,0.3,1.8,0.165,1701593.0,1855753.0
Malcolm Brogdon,PG,28,IND,56,56,1930,444,980,0.453,145,374,0.388,299,606,0.493,0.527,153,177,0.864,58,236,294,329,49,15,115,110,1186,0.382,25.7,0.6,2.1,-0.9,13.2,1.3,0.181,3.0,3.3,2.9,17.9,1.2,9.8,8.3,0.561,25.9,2.0,4.2,0.105,21700000.0,23665967.0
Armoni Brooks,SG,22,HOU,20,5,520,78,192,0.406,60,157,0.382,18,35,0.514,0.563,7,12,0.583,10,58,68,30,12,5,22,34,223,0.818,8.7,0.9,-3.2,-2.1,12.4,0.2,0.063,-1.1,2.0,0.1,10.4,1.1,10.0,7.0,0.565,17.9,-0.2,0.3,0.03,1739065.0,1896619.0
Dillon Brooks,SF,25,MEM,67,67,1997,432,1031,0.419,128,372,0.344,304,659,0.461,0.481,159,195,0.815,53,143,196,157,78,26,119,237,1151,0.361,11.7,1.2,-3.7,-1.1,7.7,1.8,0.189,-2.6,2.8,-0.5,12.1,1.9,9.6,5.2,0.515,26.1,-0.9,1.4,0.033,12200000.0,13305290.0
Bruce Brown,PG,24,BRK,65,37,1451,235,423,0.556,17,59,0.288,218,364,0.599,0.576,86,117,0.735,111,238,349,104,58,28,54,145,573,0.139,9.8,1.7,-0.1,0.2,17.2,1.5,0.277,-0.4,8.9,2.8,16.1,1.9,10.2,13.3,0.604,15.9,0.7,4.4,0.144,4736102.0,5165181.0
Jaylen Brown,SG,24,BOS,58,58,1999,538,1111,0.484,163,411,0.397,375,700,0.536,0.558,191,250,0.764,71,276,347,195,72,32,158,168,1430,0.37,16.5,1.5,2.5,-0.7,15.5,2.0,0.225,3.2,3.9,2.8,19.9,1.8,11.5,9.7,0.586,29.7,2.3,4.8,0.115,26758928.0,29183222.0
Moses Brown,C,21,OKC,43,32,920,146,268,0.545,0,0,0.0,146,268,0.545,0.545,78,126,0.619,154,229,383,10,31,47,43,93,370,0.0,1.7,4.5,-2.4,-1.2,26.2,1.3,0.47,-1.3,17.2,1.3,18.8,1.6,11.7,21.6,0.572,16.9,-0.1,2.6,0.138,1933909.0,2109116.0
Sterling Brown,SG,25,HOU,51,14,1229,150,335,0.448,91,215,0.423,59,120,0.492,0.584,25,31,0.806,38,186,224,72,38,12,41,97,416,0.642,8.4,0.9,-1.6,0.0,16.8,0.8,0.093,-1.6,3.2,1.0,11.1,1.5,10.5,9.7,0.597,13.5,0.1,1.8,0.071,3000000.0,3271792.0
Jalen Brunson,PG,24,DAL,68,12,1697,328,627,0.523,81,200,0.405,247,427,0.578,0.588,120,151,0.795,27,204,231,239,35,1,80,109,857,0.319,21.3,0.1,0.9,-0.6,13.1,1.1,0.241,1.5,1.8,3.9,17.1,1.0,10.3,7.5,0.618,20.2,1.2,5.1,0.143,1802057.0,1965319.0
Thomas Bryant,C,23,WAS,10,10,271,59,91,0.648,9,21,0.429,50,70,0.714,0.698,16,24,0.667,18,43,61,15,4,8,11,31,143,0.231,8.2,2.5,0.9,-0.6,16.8,0.2,0.264,1.4,7.1,0.7,18.7,0.7,9.8,11.9,0.704,17.2,0.2,1.0,0.171,8666667.0,9451846.0
Reggie Bullock,SF,29,NYK,65,64,1949,248,561,0.442,163,398,0.41,85,163,0.521,0.587,50,55,0.909,16,207,223,99,52,11,45,146,709,0.709,7.4,0.5,-0.1,0.8,11.4,2.3,0.098,-0.9,0.9,2.3,11.1,1.3,7.1,6.2,0.606,14.4,0.9,4.6,0.114,9536000.0,10399938.0
Trey Burke,PG,28,DAL,62,1,911,151,353,0.428,58,164,0.354,93,189,0.492,0.51,51,57,0.895,10,44,54,81,36,7,33,64,411,0.465,12.9,0.7,-1.8,-0.4,5.3,0.7,0.161,-1.4,1.2,0.7,12.6,1.9,8.0,3.3,0.544,20.0,0.0,1.4,0.071,3150000.0,3435382.0
Alec Burks,SG,29,NYK,49,5,1255,210,500,0.42,102,246,0.415,108,254,0.425,0.522,101,118,0.856,21,206,227,107,31,14,49,102,623,0.492,13.2,1.1,1.5,0.6,17.6,1.8,0.236,0.9,1.8,1.5,14.8,1.2,8.2,9.8,0.564,21.3,1.1,3.3,0.126,9536000.0,10399938.0
Jimmy Butler,SF,31,MIA,52,52,1745,366,736,0.497,25,102,0.245,341,634,0.538,0.514,359,416,0.863,94,265,359,369,108,18,109,71,1116,0.139,35.1,1.1,7.7,2.3,17.1,2.7,0.565,5.4,6.3,6.6,26.5,3.1,10.6,11.8,0.607,26.6,4.3,9.3,0.255,36016200.0,39279180.0
Devontae Cacok,PF,24,LAL,20,1,98,17,29,0.586,0,0,0.0,17,29,0.586,0.586,5,11,0.455,12,20,32,1,5,4,5,8,39,0.0,1.5,3.7,-1.0,0.4,22.8,0.2,0.379,-1.5,13.8,0.1,17.2,2.5,12.9,18.4,0.576,17.2,0.0,0.3,0.142,726128.0,791913.0
Kentavious Caldwell-Pope,SG,27,LAL,67,67,1902,218,506,0.431,120,293,0.41,98,213,0.46,0.549,97,112,0.866,27,152,179,127,62,26,66,114,653,0.579,9.2,1.2,-0.5,1.0,8.9,2.6,0.221,-1.6,1.6,1.6,10.7,1.6,10.6,5.3,0.588,14.2,0.7,4.2,0.107,13038862.0,14220151.0
Facundo Campazzo,PG,29,DEN,65,19,1425,120,315,0.381,76,216,0.352,44,99,0.444,0.502,80,91,0.879,22,112,134,232,79,14,73,132,396,0.686,20.2,1.0,-0.6,1.2,8.9,1.5,0.289,-1.7,1.8,1.6,11.6,2.7,17.1,5.3,0.558,13.1,0.5,3.1,0.105,3100000.0,3380852.0
Devin Cannady,PG,24,ORL,8,0,74,11,28,0.393,6,16,0.375,5,12,0.417,0.5,6,7,0.857,0,5,5,1,5,1,2,9,34,0.571,2.1,1.2,-3.1,1.0,7.3,0.1,0.25,-4.0,0.0,0.0,11.2,3.3,6.0,3.5,0.547,19.3,0.0,0.1,0.057,185578.0,202390.0
Clint Capela,C,26,ATL,63,63,1898,413,695,0.594,0,0,0.0,413,695,0.594,0.594,130,227,0.573,297,606,903,49,44,129,73,145,956,0.0,4.1,6.0,2.7,0.0,34.3,3.3,0.327,2.7,17.5,4.9,24.3,1.1,8.4,26.1,0.601,19.9,2.2,8.2,0.207,17603448.0,19198277.0
Jevon Carter,PG,25,PHO,60,1,717,94,223,0.422,56,151,0.371,38,72,0.528,0.547,4,7,0.571,16,76,92,71,29,9,16,56,248,0.677,13.0,1.1,0.5,0.9,11.8,0.8,0.031,-0.4,2.6,0.7,12.2,2.0,6.6,7.3,0.548,15.0,0.5,1.6,0.104,4107149.0,4479246.0
Michael Carter-Williams,SG,29,ORL,31,25,800,105,270,0.389,15,61,0.246,90,209,0.431,0.417,49,80,0.613,39,100,139,129,25,17,69,81,274,0.226,24.3,1.9,-4.8,-0.2,13.4,0.6,0.296,-4.6,4.9,-1.1,9.5,1.5,18.4,9.0,0.449,20.2,-0.6,-0.5,-0.028,3300000.0,3598972.0
Alex Caruso,PG,26,LAL,58,6,1216,133,305,0.436,55,137,0.401,78,168,0.464,0.526,49,76,0.645,31,139,170,160,64,15,76,108,370,0.449,18.1,1.1,0.0,2.5,12.8,2.1,0.249,-2.5,2.9,0.3,11.1,2.6,18.3,7.9,0.547,14.8,0.6,2.4,0.095,8600000.0,9379139.0
Willie Cauley-Stein,C,27,DAL,53,16,906,115,182,0.632,1,11,0.091,114,171,0.667,0.635,49,78,0.628,66,170,236,35,21,43,29,129,280,0.06,5.3,4.4,-1.3,0.9,20.5,1.2,0.429,-2.2,8.1,1.6,14.3,1.1,11.8,14.3,0.647,12.0,0.2,2.8,0.147,4220083.0,4602412.0
Chris Chiozza,PG,25,BRK,22,1,232,31,88,0.352,13,42,0.31,18,46,0.391,0.426,13,17,0.765,3,21,24,65,7,6,16,19,88,0.477,36.9,2.3,-0.7,-0.6,9.5,0.2,0.193,-0.1,1.5,0.1,12.9,1.5,14.4,5.7,0.461,21.0,0.1,0.3,0.063,462629.0,504542.0
Marquese Chriss,PF,23,GSW,2,0,27,5,14,0.357,1,5,0.2,4,9,0.444,0.393,2,4,0.5,3,10,13,2,0,2,2,3,13,0.357,11.0,6.5,-2.1,0.3,38.9,0.1,0.286,-2.4,12.0,-0.1,11.8,0.0,11.3,25.6,0.412,28.1,0.0,0.0,-0.03,1292900.0,1410033.0
Gary Clark,SF-PF,26,TOT,39,11,654,40,132,0.303,31,108,0.287,9,24,0.375,0.42,8,10,0.8,33,82,115,31,13,7,17,35,119,0.818,6.4,1.0,-4.9,-0.7,13.5,0.4,0.076,-4.2,5.1,-0.3,6.0,1.0,11.1,9.1,0.436,10.1,-0.5,0.1,0.008,811213.0,884706.0
Brandon Clarke,PF,24,MEM,59,16,1415,256,495,0.517,20,77,0.26,236,418,0.565,0.537,78,113,0.69,97,231,328,95,60,51,33,84,610,0.156,9.5,3.2,1.5,1.2,17.5,2.0,0.228,0.4,7.2,2.2,17.3,2.0,5.7,12.3,0.56,17.2,1.3,4.2,0.142,2726880.0,2973928.0
Jordan Clarkson,SG,28,UTA,68,1,1818,457,1075,0.425,208,599,0.347,249,476,0.523,0.522,129,144,0.896,47,227,274,168,61,10,115,110,1251,0.557,15.3,0.4,1.4,-0.4,12.7,2.5,0.134,1.8,2.9,1.7,17.1,1.6,9.2,8.0,0.549,29.7,1.6,4.2,0.111,12420000.0,13545221.0
Amir Coffey,SG,23,LAC,44,1,394,45,103,0.437,23,56,0.411,22,47,0.468,0.549,27,38,0.711,10,34,44,22,10,0,15,30,140,0.544,7.4,0.0,-2.0,-0.1,9.4,0.3,0.369,-1.9,2.9,0.4,10.1,1.3,11.1,6.3,0.585,15.1,0.0,0.7,0.085,573576.0,625540.0
John Collins,PF,23,ATL,63,63,1848,429,771,0.556,83,208,0.399,346,563,0.615,0.61,170,204,0.833,118,349,467,78,34,63,84,193,1111,0.27,6.9,3.0,2.3,-0.2,20.3,1.9,0.265,2.5,7.1,4.8,20.6,0.9,8.9,13.8,0.645,22.2,2.0,6.7,0.174,23000000.0,25083744.0
Mike Conley,PG,33,UTA,51,51,1498,284,640,0.444,138,335,0.412,146,305,0.479,0.552,121,142,0.852,36,141,177,305,70,9,99,98,827,0.523,30.6,0.5,4.9,1.3,9.6,2.1,0.222,3.6,2.7,4.0,19.2,2.3,12.4,6.3,0.589,23.1,2.6,6.1,0.197,21000000.0,22902549.0
Pat Connaughton,SG,28,MIL,69,4,1575,168,387,0.434,101,272,0.371,67,115,0.583,0.565,31,40,0.775,63,269,332,81,49,23,33,99,468,0.703,6.3,1.3,0.0,0.5,17.3,1.7,0.103,-0.5,4.4,1.8,11.3,1.5,7.5,11.1,0.578,11.6,0.8,3.5,0.108,5333334.0,5816521.0
Tyler Cook,SF-PF,23,TOT,32,1,438,69,103,0.67,1,2,0.5,68,101,0.673,0.675,17,35,0.486,28,67,95,17,8,2,21,35,156,0.019,5.9,0.4,-3.0,-0.9,17.2,0.3,0.34,-2.2,7.0,0.5,12.8,0.9,15.1,12.1,0.659,13.9,-0.1,0.8,0.09,462629.0,504542.0
DeMarcus Cousins,C,30,TOT,41,11,713,130,305,0.426,47,135,0.348,83,170,0.488,0.503,59,81,0.728,53,210,263,76,34,24,64,107,366,0.443,16.3,3.0,0.4,1.6,32.7,1.2,0.266,-1.2,8.0,0.0,16.4,2.3,15.8,20.0,0.537,24.5,0.4,1.2,0.079,2038942.0,2223664.0
Robert Covington,PF,30,POR,70,70,2243,204,509,0.401,135,356,0.379,69,153,0.451,0.533,50,62,0.806,61,405,466,117,101,84,64,195,593,0.699,6.8,3.4,0.2,1.5,19.8,2.4,0.122,-1.3,2.8,1.4,11.2,2.2,10.7,11.1,0.553,11.5,1.2,3.7,0.08,12975471.0,14151017.0
Torrey Craig,SF,30,TOT,50,8,803,109,227,0.48,39,106,0.368,70,121,0.579,0.566,17,22,0.773,57,140,197,49,28,26,25,83,274,0.467,7.9,2.9,0.4,0.7,19.1,1.1,0.097,-0.3,8.1,1.1,14.2,1.7,9.6,13.7,0.579,14.3,0.5,2.2,0.133,4878049.0,5319988.0
Jae Crowder,PF,30,PHO,60,42,1648,199,492,0.404,148,380,0.389,51,112,0.455,0.555,57,75,0.76,32,250,282,127,48,27,55,125,603,0.772,10.0,1.5,1.1,0.8,16.9,1.9,0.152,0.3,2.2,1.4,11.8,1.4,9.5,9.7,0.574,15.7,1.3,3.3,0.097,9720900.0,10601590.0
Jarrett Culver,SG,21,MIN,34,7,499,69,168,0.411,13,53,0.245,56,115,0.487,0.449,29,48,0.604,34,70,104,24,17,9,28,58,180,0.315,6.8,1.6,-5.6,-1.1,15.8,0.3,0.286,-4.5,7.1,-0.4,8.8,1.6,12.9,11.3,0.476,18.2,-0.5,-0.1,-0.006,6395160.0,6974546.0
Seth Curry,SG,30,PHI,57,57,1638,258,552,0.467,126,280,0.45,132,272,0.485,0.582,69,77,0.896,10,126,136,155,44,8,65,96,711,0.507,13.6,0.4,-0.3,-0.4,8.3,1.7,0.139,0.1,0.7,2.3,12.9,1.3,10.0,4.6,0.607,17.1,0.7,4.0,0.118,8207518.0,8951099.0
Stephen Curry,PG,32,GSW,63,63,2152,658,1365,0.482,337,801,0.421,321,564,0.569,0.605,362,395,0.916,29,316,345,363,77,8,213,119,2015,0.587,30.5,0.3,8.7,0.4,15.4,2.5,0.289,8.3,1.5,6.5,26.3,1.7,12.2,8.5,0.655,34.8,5.8,9.0,0.201,45780966.0,49928610.0
Anthony Davis,PF,27,LAL,36,36,1162,301,613,0.491,26,100,0.26,275,513,0.536,0.512,158,214,0.738,62,224,286,110,45,59,74,60,786,0.163,16.4,4.5,4.8,2.2,21.5,2.4,0.349,2.6,6.0,1.3,22.1,1.9,9.5,13.8,0.556,29.2,2.0,3.7,0.152,35361360.0,38565013.0
Ed Davis,C,31,MIN,23,7,299,19,44,0.432,0,0,0.0,19,44,0.432,0.432,10,12,0.833,46,69,115,21,13,13,7,56,48,0.0,9.0,3.8,-2.2,1.1,26.0,0.4,0.273,-3.3,16.1,0.5,13.1,2.1,12.4,20.8,0.487,7.9,0.0,0.8,0.135,2641691.0,2881021.0
Terence Davis,SG,23,TOT,61,4,1074,195,456,0.428,98,267,0.367,97,189,0.513,0.535,45,55,0.818,20,134,154,83,44,14,63,97,533,0.586,11.4,1.2,-1.7,-0.9,14.1,0.8,0.121,-0.9,2.0,0.1,12.7,2.0,11.6,7.9,0.555,21.8,0.1,0.8,0.038,4000000.0,4362390.0
Gabriel Deck,PF,25,OKC,10,0,212,32,67,0.478,2,15,0.133,30,52,0.577,0.493,18,22,0.818,16,24,40,24,8,0,6,9,84,0.224,17.3,0.0,-0.4,-0.4,11.9,0.1,0.328,0.0,7.8,0.4,16.1,1.8,7.3,9.8,0.548,16.6,0.1,0.5,0.12,1690507.0,1843662.0
Dewayne Dedmon,C,31,MIA,16,0,210,46,65,0.708,1,5,0.2,45,60,0.75,0.715,20,27,0.741,28,58,86,12,9,6,13,36,113,0.077,9.6,3.0,1.7,0.5,31.0,0.4,0.415,1.2,15.5,0.7,24.5,2.1,14.5,23.4,0.735,19.3,0.2,1.1,0.256,5256308.0,5732516.0
DeMar DeRozan,PF,31,SAS,61,61,2056,455,920,0.495,19,74,0.257,436,846,0.515,0.505,387,440,0.88,40,219,259,422,56,15,119,128,1316,0.08,32.0,0.6,3.1,-0.1,11.6,1.5,0.478,3.2,2.0,5.9,22.0,1.3,9.7,6.7,0.591,26.1,2.6,7.4,0.172,26000000.0,28355537.0
Mamadi Diakite,PF,24,MIL,14,1,141,16,40,0.4,1,8,0.125,15,32,0.469,0.413,11,14,0.786,8,26,34,8,7,6,3,16,44,0.2,7.0,3.8,-2.4,0.9,18.7,0.2,0.35,-3.3,6.2,0.1,12.3,2.3,6.1,12.7,0.477,14.6,0.0,0.3,0.102,869078.0,947814.0
Hamidou Diallo,SG-SF,22,TOT,52,9,1226,224,470,0.477,28,82,0.341,196,388,0.505,0.506,128,200,0.64,59,213,272,101,41,24,76,134,604,0.174,13.3,1.7,-2.1,0.1,18.8,1.3,0.426,-2.2,5.1,0.3,14.3,1.6,12.0,11.9,0.541,22.2,0.0,1.6,0.063,5200000.0,5671107.0
Gorgui Dieng,C,31,TOT,38,1,552,85,163,0.521,30,70,0.429,55,93,0.591,0.613,58,67,0.866,40,100,140,48,26,16,32,56,258,0.429,12.0,2.6,3.4,1.5,19.5,0.8,0.411,1.8,7.6,1.3,19.2,2.3,14.3,13.5,0.67,17.4,0.7,2.1,0.185,4000000.0,4362390.0
Spencer Dinwiddie,SG,27,BRK,3,3,64,6,16,0.375,2,7,0.286,4,9,0.444,0.438,6,6,1.0,0,13,13,9,2,1,5,4,20,0.438,17.6,1.4,0.2,2.6,21.3,0.1,0.375,-2.4,0.0,0.0,10.1,1.5,21.2,11.2,0.536,16.1,0.0,0.1,0.045,19314284.0,21064111.0
Donte DiVincenzo,SG,24,MIL,66,66,1814,253,603,0.42,131,346,0.379,122,257,0.475,0.528,51,71,0.718,81,299,380,203,72,15,91,112,688,0.574,14.2,0.7,0.3,0.4,16.7,2.1,0.118,-0.2,4.9,1.5,13.0,1.9,12.5,11.0,0.542,16.7,1.0,3.6,0.095,4675830.0,5099448.0
Luguentz Dort,SG,21,OKC,52,52,1543,247,639,0.387,113,329,0.343,134,310,0.432,0.475,122,164,0.744,38,151,189,88,45,19,79,134,729,0.515,8.8,1.1,-3.5,-0.9,10.3,1.0,0.257,-2.6,2.5,-0.6,10.1,1.4,10.0,6.4,0.513,21.7,-0.6,0.3,0.011,1782621.0,1944122.0
Damyean Dotson,SG,26,CLE,46,7,907,119,293,0.406,46,159,0.289,73,134,0.545,0.485,24,36,0.667,5,88,93,91,16,4,42,42,308,0.543,15.1,0.4,-4.8,-1.4,11.1,0.3,0.123,-3.4,0.6,-0.4,8.1,0.9,12.0,5.7,0.499,16.9,-0.6,0.0,-0.002,205662.0,224294.0
Devon Dotson,PG,21,CHI,11,0,50,11,21,0.524,1,7,0.143,10,14,0.714,0.548,0,0,0.0,2,3,5,7,4,0,0,3,23,0.333,21.4,0.0,2.1,2.2,6.6,0.1,0.0,-0.1,4.5,0.1,19.3,3.9,0.0,5.5,0.548,18.2,0.1,0.2,0.177,239291.0,260970.0
Sekou Doumbouya,PF,20,DET,56,11,869,107,282,0.379,26,115,0.226,81,167,0.485,0.426,45,64,0.703,39,104,143,47,24,9,44,94,285,0.408,8.0,0.9,-6.7,-1.3,13.5,0.7,0.227,-5.4,4.9,-0.9,6.9,1.4,12.4,9.2,0.459,17.8,-1.0,-0.2,-0.012,3799131.0,4143322.0
PJ Dozier,SG,24,DEN,50,6,1088,148,355,0.417,47,149,0.315,101,206,0.49,0.483,42,66,0.636,35,147,182,92,31,22,46,86,385,0.42,11.2,2.0,-2.6,-0.4,15.3,1.1,0.186,-2.3,3.7,0.1,10.4,1.4,10.7,9.5,0.501,17.2,-0.2,1.1,0.051,1910860.0,2083979.0
Andre Drummond,C,27,TOT,46,46,1242,282,572,0.493,0,8,0.0,282,564,0.5,0.493,123,205,0.6,166,385,551,94,63,49,124,149,687,0.014,13.2,3.5,-1.2,0.5,35.2,2.5,0.358,-1.7,14.8,-0.6,19.4,2.5,15.8,24.9,0.519,27.6,0.3,2.0,0.077,2401537.0,2619110.0
Kris Dunn,PG,26,ATL,4,0,45,1,12,0.083,0,2,0.0,1,10,0.1,0.083,3,4,0.75,0,6,6,2,2,2,3,10,5,0.167,5.4,3.9,-13.7,-0.1,14.3,0.1,0.333,-13.7,0.0,-0.2,-5.7,2.2,17.9,7.3,0.182,16.2,-0.1,-0.2,-0.202,5317430.0,5799175.0
Kevin Durant,PF,32,BRK,35,32,1157,324,603,0.537,85,189,0.45,239,414,0.577,0.608,210,238,0.882,13,234,247,195,25,45,120,70,943,0.313,27.5,3.4,7.2,0.8,21.3,1.2,0.395,6.4,1.3,3.7,26.4,1.0,14.5,11.8,0.666,31.2,2.7,5.0,0.206,42018900.0,45825710.0
Anthony Edwards,SG,19,MIN,72,55,2314,505,1211,0.417,171,520,0.329,334,691,0.483,0.488,211,272,0.776,59,277,336,211,82,36,160,129,1392,0.429,14.6,1.3,-2.1,-1.7,13.5,1.4,0.225,-0.4,2.7,-0.6,13.9,1.7,10.7,7.9,0.523,27.0,-0.1,0.8,0.017,10245480.0,11173695.0
Carsen Edwards,SG,22,BOS,31,1,276,47,111,0.423,18,63,0.286,29,48,0.604,0.505,11,13,0.846,3,23,26,14,7,1,7,25,123,0.568,7.4,0.3,-4.5,-1.3,9.4,0.2,0.117,-3.2,1.2,0.1,10.2,1.2,5.7,5.2,0.527,19.3,-0.2,0.3,0.051,1859365.0,2027818.0
CJ Elleby,SF,20,POR,30,0,192,25,66,0.379,7,34,0.206,18,32,0.563,0.432,11,15,0.733,11,21,32,10,6,3,5,27,68,0.515,7.1,1.4,-4.9,-0.9,12.0,0.1,0.227,-4.0,6.0,0.0,9.4,1.5,6.4,8.9,0.468,17.4,-0.1,0.1,0.032,1517981.0,1655506.0
Wayne Ellington,SG,33,DET,46,31,1012,149,338,0.441,116,275,0.422,33,63,0.524,0.612,28,35,0.8,12,73,85,67,18,9,33,59,442,0.814,10.2,0.8,-0.2,-1.3,8.1,0.5,0.104,1.1,1.3,1.3,12.2,0.9,8.5,4.7,0.625,16.7,0.5,1.9,0.088,2641691.0,2881021.0
Joel Embiid,C,26,PHI,51,51,1585,461,899,0.513,58,154,0.377,403,745,0.541,0.545,471,548,0.859,113,426,539,145,50,69,159,123,1451,0.171,16.2,3.9,7.5,1.2,29.1,3.2,0.61,6.3,8.0,5.6,30.3,1.5,12.2,18.7,0.636,35.3,3.8,8.8,0.266,31579390.0,34440406.0
Drew Eubanks,C,23,SAS,54,3,755,116,205,0.566,2,2,1.0,114,203,0.562,0.571,77,106,0.726,74,167,241,42,18,49,45,88,311,0.01,7.9,5.5,0.0,1.0,24.0,1.1,0.517,-1.0,10.2,1.2,17.9,1.2,15.2,17.0,0.618,17.1,0.4,2.3,0.145,2239820.0,2442742.0
Tacko Fall,C,25,BOS,19,0,136,21,29,0.724,0,0,0.0,21,29,0.724,0.724,5,15,0.333,16,36,52,3,1,20,6,22,47,0.0,3.1,13.7,1.2,2.9,29.7,0.3,0.517,-1.7,13.0,0.2,19.6,0.4,14.4,21.3,0.66,13.2,0.1,0.5,0.177,218021.0,237773.0
Derrick Favors,C,29,UTA,68,0,1039,155,243,0.638,0,2,0.0,155,241,0.643,0.638,59,80,0.738,138,238,376,44,32,68,36,143,369,0.008,6.0,5.3,2.6,2.4,23.3,2.2,0.329,0.3,14.7,2.9,19.7,1.5,11.5,19.2,0.663,13.0,1.2,5.1,0.237,9720900.0,10601590.0
Bruno Fernando,C,22,ATL,33,0,226,18,44,0.409,0,2,0.0,18,42,0.429,0.409,15,22,0.682,16,62,78,10,4,3,21,23,51,0.045,5.8,1.2,-6.5,-0.4,29.4,0.3,0.5,-6.1,7.9,-0.3,6.2,0.9,28.1,18.9,0.475,14.4,-0.3,-0.1,-0.019,1782621.0,1944122.0
Dorian Finney-Smith,PF,27,DAL,60,60,1921,220,466,0.472,119,302,0.394,101,164,0.616,0.6,31,41,0.756,98,228,326,102,52,25,48,138,590,0.648,7.2,1.2,0.1,0.0,13.0,1.6,0.088,0.2,5.7,2.8,12.0,1.3,9.0,9.3,0.609,12.2,1.0,4.4,0.11,4000000.0,4362390.0
Malik Fitts,PF,23,LAC,3,0,11,1,3,0.333,1,2,0.5,0,1,0.0,0.5,0,0,0.0,0,3,3,0,0,0,0,3,3,0.667,0.0,0.0,-9.1,-2.1,29.8,0.0,0.0,-7.0,0.0,0.0,2.9,0.0,0.0,15.3,0.5,12.1,0.0,0.0,0.049,630874.0,688028.0
Malachi Flynn,PG,22,TOR,47,14,928,127,340,0.374,54,168,0.321,73,172,0.424,0.453,45,56,0.804,10,106,116,137,38,7,43,68,353,0.494,21.4,0.8,-2.6,-0.2,13.0,0.8,0.165,-2.5,1.1,0.0,10.9,2.0,10.5,6.9,0.484,19.0,-0.1,0.8,0.041,2048040.0,2233587.0
Bryn Forbes,SG,27,MIL,70,10,1354,250,529,0.473,154,341,0.452,96,188,0.511,0.618,47,61,0.77,11,101,112,45,24,1,44,77,701,0.645,4.5,0.1,-1.3,-1.7,7.6,0.7,0.115,0.4,0.9,2.0,12.8,0.8,7.3,4.3,0.631,18.5,0.2,2.7,0.096,4500000.0,4907689.0
Trent Forrest,PG,22,UTA,30,0,302,32,71,0.451,5,26,0.192,27,45,0.6,0.486,19,19,1.0,11,33,44,45,9,4,21,22,88,0.366,19.9,1.1,-1.3,1.2,11.1,0.4,0.268,-2.5,4.0,0.3,11.2,1.5,20.9,7.7,0.554,14.3,0.1,0.7,0.106,463211.0,505176.0
Evan Fournier,SF-SG,28,TOT,42,36,1259,247,541,0.457,117,283,0.413,130,258,0.504,0.565,108,137,0.788,10,118,128,144,47,19,73,96,719,0.523,18.6,1.4,1.1,-0.4,10.2,1.0,0.253,1.5,0.8,1.8,16.7,1.8,10.8,5.4,0.598,23.1,1.0,2.8,0.107,17142857.0,18695958.0
De'Aaron Fox,PG,23,SAC,58,58,2036,529,1110,0.477,103,320,0.322,426,790,0.539,0.523,300,417,0.719,33,170,203,417,87,27,174,170,1461,0.288,32.7,1.1,1.8,-1.3,9.4,0.8,0.376,3.1,1.8,3.4,20.7,2.1,11.9,5.5,0.565,31.0,2.0,4.2,0.098,28103500.0,30649609.0
Tim Frazier,PG,30,MEM,5,0,62,3,20,0.15,0,8,0.0,3,12,0.25,0.15,2,6,0.333,0,8,8,16,2,1,4,7,8,0.4,30.8,1.5,-11.9,-1.2,13.8,0.1,0.3,-10.7,0.0,-0.3,-0.5,1.5,15.0,6.8,0.177,18.1,-0.2,-0.2,-0.169,386127.0,421108.0
Markelle Fultz,PG,22,ORL,8,8,215,41,104,0.394,4,16,0.25,37,88,0.42,0.413,17,19,0.895,5,20,25,43,8,2,18,18,103,0.154,33.1,0.8,-4.4,-0.9,10.0,0.1,0.183,-3.6,2.3,-0.3,12.0,1.8,13.8,6.0,0.458,26.2,-0.1,-0.1,-0.024,16500000.0,17994860.0
Wenyen Gabriel,PF,23,NOP,21,0,241,24,60,0.4,13,32,0.406,11,28,0.393,0.508,11,17,0.647,20,34,54,11,9,8,15,32,72,0.533,5.9,3.1,-3.3,-0.1,15.3,0.3,0.283,-3.2,9.0,0.0,9.8,1.8,18.2,12.2,0.533,14.4,-0.1,0.3,0.052,522015.0,569306.0
Daniel Gafford,PF-C,22,TOT,54,11,791,154,225,0.684,0,0,0.0,154,225,0.684,0.684,72,108,0.667,94,137,231,29,26,75,41,98,380,0.0,5.3,8.1,2.2,1.6,18.6,1.3,0.48,0.6,12.9,2.1,22.2,1.5,13.1,15.8,0.697,16.7,0.8,3.5,0.209,1782621.0,1944122.0
Danilo Gallinari,PF,32,ATL,51,4,1222,206,475,0.434,103,254,0.406,103,221,0.466,0.542,161,174,0.925,17,194,211,76,30,10,43,105,676,0.535,9.2,0.7,1.1,-0.6,17.0,1.0,0.366,1.7,1.6,2.7,16.3,1.2,7.2,9.5,0.613,21.2,1.0,3.7,0.146,20475000.0,22329985.0
Langston Galloway,SG,29,PHO,40,0,438,66,147,0.449,36,85,0.424,30,62,0.484,0.571,22,23,0.957,7,35,42,26,8,0,13,25,190,0.578,8.0,0.0,-0.9,-0.8,8.9,0.3,0.156,-0.1,1.8,0.6,12.1,0.9,7.6,5.4,0.605,17.3,0.1,0.9,0.096,386127.0,421108.0
Darius Garland,PG,21,CLE,54,50,1790,362,802,0.451,105,266,0.395,257,536,0.479,0.517,112,132,0.848,23,106,129,329,66,6,164,110,941,0.332,30.9,0.3,-2.1,-2.1,6.8,0.9,0.165,0.0,1.4,0.3,14.2,1.8,16.0,4.0,0.547,24.9,-0.1,1.2,0.033,7040880.0,7678766.0
Marc Gasol,C,36,LAL,52,42,993,88,194,0.454,50,122,0.41,38,72,0.528,0.582,36,50,0.72,38,177,215,109,26,58,53,115,262,0.629,14.7,5.2,2.3,3.7,19.9,1.9,0.258,-1.4,4.3,0.8,12.2,1.3,19.7,12.2,0.606,11.8,1.1,2.8,0.133,2692991.0,2936969.0
Rudy Gay,PF,34,SAS,63,1,1358,264,628,0.42,106,278,0.381,158,350,0.451,0.505,82,102,0.804,42,261,303,88,45,40,65,115,716,0.443,9.7,2.5,-0.1,0.0,20.9,1.7,0.162,-0.1,3.2,0.0,14.7,1.6,8.8,11.9,0.532,23.6,0.6,1.7,0.059,5890000.0,6423619.0
Paul George,SF,30,LAC,54,54,1821,445,953,0.467,171,416,0.411,274,537,0.51,0.557,198,228,0.868,45,314,359,280,62,24,179,132,1259,0.437,24.6,1.2,4.2,0.3,18.9,2.3,0.239,3.9,2.9,3.0,20.5,1.7,14.5,11.1,0.598,30.0,2.9,5.3,0.139,39344970.0,42909529.0
Taj Gibson,C,35,NYK,45,3,936,99,158,0.627,3,15,0.2,96,143,0.671,0.636,40,55,0.727,99,151,250,36,31,49,22,99,241,0.095,5.4,5.0,1.3,2.1,17.3,1.7,0.348,-0.7,11.6,2.1,16.0,1.7,10.8,14.5,0.661,9.7,0.8,3.8,0.195,4910000.0,5354834.0
Shai Gilgeous-Alexander,SG,22,OKC,35,35,1180,287,565,0.508,71,170,0.418,216,395,0.547,0.571,185,229,0.808,19,147,166,207,27,23,106,70,830,0.301,31.2,1.7,4.1,0.2,13.1,0.8,0.405,3.9,1.7,2.7,21.6,1.1,13.7,7.3,0.623,27.8,1.8,3.5,0.143,5495532.0,5993413.0
Anthony Gill,PF,28,WAS,26,4,218,30,60,0.5,7,24,0.292,23,36,0.639,0.558,13,16,0.813,16,35,51,11,10,4,8,27,80,0.4,6.7,1.5,-1.3,0.3,17.0,0.3,0.267,-1.6,7.8,0.3,13.7,2.1,10.7,12.4,0.597,14.2,0.0,0.6,0.123,1517981.0,1655506.0
Freddie Gillespie,PF,23,TOR,20,2,392,44,84,0.524,0,0,0.0,44,84,0.524,0.524,23,33,0.697,42,55,97,9,13,20,12,43,111,0.0,3.2,5.1,-3.2,-0.1,16.0,0.5,0.393,-3.1,11.4,0.5,13.4,1.6,10.9,13.6,0.563,12.2,-0.1,0.9,0.116,221156.0,241191.0
Rudy Gobert,C,28,UTA,71,71,2187,391,579,0.675,0,4,0.0,391,575,0.68,0.675,233,374,0.623,240,720,960,89,40,190,118,163,1015,0.007,6.0,7.0,4.9,2.8,33.5,5.2,0.646,2.1,12.2,6.1,23.5,0.9,13.7,23.3,0.683,17.0,3.8,11.3,0.248,35344828.0,38546983.0
Brandon Goodwin,PG,25,ATL,47,5,620,84,223,0.377,32,103,0.311,52,120,0.433,0.448,28,43,0.651,8,61,69,95,17,0,36,41,228,0.462,21.6,0.0,-3.1,-0.6,10.6,0.4,0.193,-2.5,1.4,-0.2,9.2,1.3,13.0,6.1,0.471,19.5,-0.2,0.2,0.013,343988.0,375152.0
Aaron Gordon,PF,25,TOT,50,50,1384,231,499,0.463,59,176,0.335,172,323,0.533,0.522,97,149,0.651,77,207,284,161,33,34,97,89,618,0.353,17.8,2.3,0.1,-0.1,16.4,1.2,0.299,0.2,6.0,0.7,14.5,1.2,14.7,11.1,0.547,20.7,0.7,1.9,0.066,16409091.0,17895714.0
Eric Gordon,SG,32,HOU,27,13,789,159,367,0.433,69,210,0.329,90,157,0.573,0.527,94,114,0.825,8,50,58,71,14,13,51,44,481,0.572,14.6,1.5,-1.1,-1.7,7.1,0.2,0.311,0.7,1.0,0.6,14.4,0.8,10.9,3.9,0.577,25.2,0.2,0.8,0.048,18218818.0,19869398.0
Jerami Grant,SF,26,DET,54,54,1829,400,932,0.429,115,329,0.35,285,603,0.473,0.491,290,343,0.845,35,215,250,152,35,58,109,125,1205,0.353,14.3,2.8,1.1,-0.8,13.2,1.6,0.368,1.9,2.1,1.6,16.9,0.9,9.1,7.6,0.556,28.5,1.4,3.2,0.083,20002500.0,21814678.0
Danny Green,SF,33,PHI,69,69,1934,224,544,0.412,175,432,0.405,49,112,0.438,0.573,31,40,0.775,55,205,260,118,92,56,67,125,654,0.794,8.3,2.6,1.9,1.5,11.5,3.1,0.074,0.4,3.2,1.6,12.1,2.3,10.7,7.4,0.582,14.0,1.9,4.6,0.115,10000000.0,10905975.0
Draymond Green,PF,30,GSW,63,63,1982,170,380,0.447,34,126,0.27,136,254,0.535,0.492,70,88,0.795,55,394,449,558,105,52,188,194,444,0.332,36.4,2.3,1.7,3.3,20.9,3.4,0.232,-1.6,3.0,1.2,13.3,2.5,31.0,12.1,0.53,13.1,1.9,4.6,0.112,24026712.0,26203473.0
JaMychal Green,PF,30,DEN,58,5,1120,173,374,0.463,79,198,0.399,94,176,0.534,0.568,46,57,0.807,85,192,277,53,26,22,53,144,471,0.529,6.4,1.9,-1.5,-1.0,19.4,1.2,0.152,-0.5,8.6,1.4,13.6,1.1,11.7,14.0,0.59,17.6,0.1,2.6,0.11,8200000.0,8942900.0
Javonte Green,SF-SG,27,TOT,41,2,473,53,102,0.52,10,30,0.333,43,72,0.597,0.569,30,40,0.75,26,45,71,17,28,6,19,45,146,0.294,4.8,1.1,-0.5,1.7,10.6,0.6,0.392,-2.2,6.1,0.5,12.1,2.9,13.7,8.3,0.61,12.6,0.2,1.1,0.107,1669178.0,1820401.0
Jeff Green,PF,34,BRK,68,38,1835,261,530,0.492,103,250,0.412,158,280,0.564,0.59,125,161,0.776,34,229,263,108,36,27,54,122,750,0.472,7.8,1.3,-0.8,-0.9,13.1,1.2,0.304,0.0,2.2,2.9,13.0,0.9,8.2,7.9,0.624,15.6,0.6,4.1,0.107,4500000.0,4907689.0
Josh Green,SG,20,DAL,39,5,445,42,93,0.452,4,25,0.16,38,68,0.559,0.473,13,23,0.565,28,50,78,28,16,3,17,35,101,0.269,8.3,0.6,-3.6,0.1,12.3,0.4,0.247,-3.7,7.0,0.1,8.8,1.8,14.2,9.7,0.49,11.9,-0.2,0.5,0.05,2957520.0,3225464.0
Blake Griffin,PF,31,TOT,46,30,1186,174,411,0.423,70,205,0.341,104,206,0.505,0.509,87,117,0.744,35,190,225,140,32,15,62,111,505,0.499,17.0,1.1,-0.8,0.0,17.4,1.1,0.285,-0.8,3.4,0.9,12.9,1.3,11.8,10.5,0.546,19.3,0.3,2.0,0.081,32405817.0,35341704.0
Kyle Guy,PG,23,SAC,31,0,235,29,88,0.33,13,46,0.283,16,42,0.381,0.403,16,20,0.8,5,30,35,32,6,0,11,20,87,0.523,17.9,0.0,-5.8,-2.1,14.4,0.1,0.227,-3.7,2.3,-0.1,8.5,1.2,10.2,8.3,0.449,19.7,-0.2,-0.1,-0.015,383079.0,417785.0
Rui Hachimura,PF,22,WAS,57,57,1797,310,648,0.478,45,137,0.328,265,511,0.519,0.513,124,161,0.77,49,263,312,82,44,7,68,120,789,0.211,6.3,0.3,-3.1,-1.0,15.5,1.4,0.248,-2.2,2.9,0.7,11.4,1.1,8.6,9.2,0.549,18.1,-0.5,2.1,0.056,4916160.0,5361552.0
Tyrese Haliburton,PG,20,SAC,58,20,1746,292,619,0.472,121,296,0.409,171,323,0.529,0.569,48,56,0.857,39,134,173,309,77,28,92,83,753,0.478,24.6,1.4,1.4,-0.5,8.6,0.7,0.09,1.9,2.4,2.8,16.2,2.1,12.5,5.5,0.585,18.1,1.5,3.5,0.096,4023600.0,4388128.0
James Harden,PG-SG,31,TOT,44,43,1609,342,734,0.466,121,334,0.362,221,400,0.553,0.548,278,323,0.861,35,313,348,475,53,33,177,99,1083,0.455,44.4,1.8,7.2,1.0,20.6,1.7,0.44,6.2,2.5,5.3,24.5,1.6,16.8,11.9,0.618,28.4,3.7,7.0,0.208,44310840.0,48325294.0
Jared Harper,PG,23,NYK,8,0,16,0,4,0.0,0,1,0.0,0,3,0.0,0.0,3,4,0.75,0,2,2,1,0,0,3,1,3,0.25,7.7,0.0,-22.1,-5.5,13.4,0.0,1.0,-16.6,0.0,-0.1,-10.8,0.0,34.2,6.8,0.26,24.4,-0.1,-0.1,-0.365,85081.0,92789.0
Montrezl Harrell,C,27,LAL,69,1,1580,375,603,0.622,0,10,0.0,375,593,0.632,0.622,181,256,0.707,158,270,428,73,46,49,74,128,931,0.017,7.7,2.8,3.0,0.7,19.1,2.7,0.425,2.3,11.3,4.5,22.7,1.4,9.4,15.2,0.65,21.7,2.0,7.3,0.221,9720900.0,10601590.0
Gary Harris,SG,26,TOT,39,38,1080,138,345,0.4,48,141,0.34,90,204,0.441,0.47,64,78,0.821,21,58,79,78,28,11,37,71,388,0.409,10.3,1.0,-4.2,-1.3,5.9,0.6,0.226,-2.8,2.1,0.2,9.1,1.3,8.9,4.0,0.511,16.7,-0.6,0.7,0.033,20932143.0,22828544.0
Joe Harris,SF,29,BRK,69,65,2141,357,707,0.505,211,444,0.475,146,263,0.555,0.654,49,63,0.778,43,205,248,130,46,14,62,141,974,0.628,8.4,0.6,0.4,-1.2,10.1,1.1,0.089,1.5,2.3,4.1,14.1,1.0,7.8,6.4,0.663,16.2,1.3,5.2,0.117,17357143.0,18929658.0
Tobias Harris,PF,28,PHI,62,62,2014,473,924,0.512,82,208,0.394,391,716,0.546,0.556,182,204,0.892,62,357,419,220,55,51,107,119,1210,0.225,17.6,2.3,3.7,0.8,19.2,3.1,0.221,2.9,3.5,4.1,20.0,1.3,9.5,11.4,0.597,23.9,2.9,7.1,0.17,35995950.0,39257095.0
Shaquille Harrison,SG,27,TOT,34,0,333,26,78,0.333,3,16,0.188,23,62,0.371,0.353,18,22,0.818,7,41,48,25,17,5,11,33,73,0.205,9.5,1.5,-4.1,1.5,13.7,0.4,0.282,-5.5,2.4,-0.2,6.8,2.5,11.1,8.1,0.416,12.9,-0.2,0.2,0.03,308493.0,336441.0
Josh Hart,SF,25,NOP,47,4,1349,151,344,0.439,63,193,0.326,88,151,0.583,0.531,69,89,0.775,53,324,377,109,38,12,49,111,434,0.561,10.6,0.8,-0.8,0.3,26.1,1.3,0.259,-1.1,4.3,1.4,12.2,1.4,11.3,15.2,0.566,13.5,0.4,2.7,0.097,12000000.0,13087170.0
Isaiah Hartenstein,C,22,TOT,46,2,559,94,171,0.55,2,6,0.333,92,165,0.558,0.556,46,71,0.648,65,116,181,55,19,39,44,104,236,0.035,15.3,6.5,-0.9,1.5,23.7,0.9,0.415,-2.4,13.0,0.7,17.9,1.7,17.9,18.2,0.583,19.2,0.2,1.6,0.134,1729217.0,1885879.0
Udonis Haslem,C,40,MIA,1,0,3,2,2,1.0,0,0,0.0,2,2,1.0,1.0,0,0,0.0,0,1,1,0,0,0,0,0,4,0.0,0.0,0.0,31.1,7.0,37.5,0.0,0.0,24.1,0.0,0.0,54.6,0.0,0.0,19.1,1.0,30.1,0.0,0.0,0.475,2641691.0,2881021.0
Jaxson Hayes,C,20,NOP,60,3,964,175,280,0.625,6,14,0.429,169,266,0.635,0.636,93,120,0.775,92,165,257,35,25,38,39,101,449,0.05,5.2,3.7,0.6,0.0,18.6,1.0,0.429,0.6,10.4,2.6,19.1,1.2,10.5,14.5,0.675,16.2,0.6,3.5,0.176,5348280.0,5832821.0
Killian Hayes,PG,19,DET,26,18,670,71,201,0.353,20,72,0.278,51,129,0.395,0.403,14,17,0.824,6,63,69,138,27,10,83,57,176,0.358,29.7,1.3,-7.2,-0.9,10.6,0.6,0.085,-6.3,1.0,-1.8,5.3,2.0,28.5,5.7,0.422,19.0,-0.9,-1.1,-0.081,5572680.0,6077551.0
Gordon Hayward,SF,30,CHO,44,44,1496,311,658,0.473,85,205,0.415,226,453,0.499,0.537,156,185,0.843,37,221,258,181,52,14,91,74,863,0.312,19.5,0.9,1.6,-0.1,16.3,1.4,0.281,1.6,2.6,2.2,17.6,1.7,11.0,9.3,0.584,23.9,1.4,3.5,0.114,29925000.0,32636132.0
Tyler Herro,SG,21,MIA,54,15,1635,307,699,0.439,107,297,0.36,200,402,0.498,0.516,94,117,0.803,25,243,268,184,35,17,101,71,815,0.425,18.0,1.1,-1.3,-1.0,16.7,1.6,0.167,-0.3,1.8,0.1,13.3,1.1,11.9,9.4,0.543,23.5,0.3,1.7,0.049,4004280.0,4367058.0
Buddy Hield,SG,28,SAC,71,71,2433,403,992,0.406,282,721,0.391,121,271,0.446,0.548,88,104,0.846,29,305,334,257,63,30,130,175,1176,0.727,14.7,1.0,-0.6,-1.6,14.1,0.7,0.105,1.0,1.3,1.5,12.8,1.2,11.1,7.6,0.567,20.7,0.9,2.2,0.044,23073234.0,25163613.0
George Hill,PG,34,TOT,30,17,672,95,197,0.482,31,80,0.388,64,117,0.547,0.561,40,50,0.8,16,45,61,73,23,5,31,31,261,0.406,16.0,0.7,-1.2,-0.2,7.2,0.6,0.254,-1.0,2.6,0.9,13.1,1.6,12.4,4.9,0.596,15.9,0.1,1.4,0.1,5275491.0,5753437.0
Solomon Hill,PF,29,ATL,71,16,1513,107,298,0.359,68,212,0.321,39,86,0.453,0.473,35,46,0.761,42,172,214,75,50,11,42,116,317,0.711,6.4,0.6,-2.5,0.5,12.2,1.2,0.154,-3.0,3.1,0.1,6.7,1.6,11.7,7.7,0.498,10.4,-0.2,1.3,0.04,2389641.0,2606136.0
Nate Hinton,SG,21,DAL,21,0,93,15,42,0.357,4,19,0.211,11,23,0.478,0.405,7,10,0.7,1,8,9,8,7,2,5,8,41,0.452,12.4,2.0,-3.4,1.0,9.4,0.1,0.238,-4.5,1.2,-0.2,10.4,3.7,9.7,5.3,0.442,24.4,0.0,0.0,-0.015,96213.0,104929.0
Jaylen Hoard,SF,21,OKC,19,0,320,44,88,0.5,0,11,0.0,44,77,0.571,0.5,28,41,0.683,21,44,65,24,13,5,17,19,116,0.125,11.2,1.4,-2.5,-0.3,14.5,0.3,0.466,-2.2,6.7,0.2,13.4,1.9,13.8,10.6,0.547,16.3,0.0,0.5,0.07,191860.0,209242.0
Aaron Holiday,PG,24,IND,66,8,1176,170,436,0.39,67,182,0.368,103,254,0.406,0.467,68,83,0.819,15,74,89,123,46,13,66,94,475,0.417,14.0,0.9,-4.2,-0.9,6.8,0.8,0.19,-3.3,1.4,-0.6,9.2,1.8,12.3,4.1,0.503,19.5,-0.7,0.2,0.009,3980551.0,4341179.0
Jrue Holiday,PG,30,MIL,59,56,1907,414,823,0.503,111,283,0.392,303,540,0.561,0.57,107,136,0.787,73,195,268,357,96,37,127,98,1046,0.344,26.3,1.7,3.4,0.6,10.4,2.2,0.165,2.8,4.2,4.3,20.0,2.4,12.6,7.4,0.592,22.2,2.6,6.6,0.165,31171333.0,33995380.0
Justin Holiday,SG,31,IND,72,52,2183,258,625,0.413,173,453,0.382,85,172,0.494,0.551,67,85,0.788,32,224,256,119,74,41,54,135,756,0.725,7.0,1.5,-1.0,-0.1,11.1,1.8,0.136,-0.9,1.6,1.4,10.4,1.6,7.5,6.4,0.571,14.0,0.6,3.1,0.069,6006420.0,6550587.0
Richaun Holmes,C,27,SAC,61,61,1782,366,575,0.637,2,11,0.182,364,564,0.645,0.638,135,170,0.794,144,360,504,101,39,96,75,213,869,0.019,8.3,4.6,0.6,0.0,22.7,1.4,0.296,0.6,8.8,4.7,20.2,1.1,10.3,15.7,0.669,17.5,1.2,6.1,0.165,10384500.0,11325310.0
Rodney Hood,SF,28,TOT,55,5,942,94,260,0.362,34,113,0.301,60,147,0.408,0.427,24,28,0.857,23,80,103,53,24,7,36,74,246,0.435,7.5,0.7,-6.4,-1.4,9.4,0.3,0.108,-4.9,2.6,-0.7,5.6,1.2,11.7,5.9,0.452,14.1,-1.0,-0.4,-0.019,2239544.0,2442441.0
Al Horford,C,34,OKC,28,28,782,162,360,0.45,56,152,0.368,106,208,0.51,0.528,18,22,0.818,29,159,188,94,25,26,29,48,398,0.422,20.1,2.9,3.4,1.4,21.4,0.9,0.061,2.0,3.8,0.8,17.4,1.5,7.3,12.5,0.538,21.6,1.1,1.6,0.101,27000000.0,29446134.0
Talen Horton-Tucker,SG,20,LAL,65,4,1304,224,489,0.458,37,131,0.282,187,358,0.522,0.496,100,129,0.775,25,144,169,181,63,21,105,127,585,0.268,20.8,1.4,-1.2,1.5,12.3,2.2,0.264,-2.6,2.2,-0.1,12.9,2.4,16.1,7.3,0.536,21.7,0.3,2.1,0.078,9500000.0,10360677.0
Dwight Howard,C,35,PHI,69,6,1196,178,303,0.587,5,20,0.25,173,283,0.611,0.596,121,210,0.576,190,390,580,61,30,62,112,200,482,0.066,7.2,4.7,-1.5,0.6,35.3,2.6,0.693,-2.1,17.8,1.3,17.8,1.2,22.1,26.7,0.61,18.2,0.1,4.0,0.159,2641691.0,2881021.0
Markus Howard,SG,21,DEN,37,1,205,40,106,0.377,18,65,0.277,22,41,0.537,0.462,7,9,0.778,1,20,21,18,4,1,18,23,105,0.613,12.6,0.5,-8.7,-3.2,11.0,0.1,0.085,-5.5,0.6,-0.4,6.4,1.0,14.1,5.8,0.477,27.2,-0.3,-0.3,-0.068,462629.0,504542.0
Kevin Huerter,SG,22,ATL,69,49,2126,316,731,0.432,140,386,0.363,176,345,0.51,0.528,50,64,0.781,38,193,231,241,82,18,79,165,822,0.528,16.3,0.7,-0.3,0.4,9.7,1.7,0.088,-0.6,2.0,1.9,12.2,1.9,9.4,6.0,0.541,17.2,1.0,3.6,0.08,4253357.0,4638700.0
Elijah Hughes,SF,22,UTA,18,0,64,10,30,0.333,8,23,0.348,2,7,0.286,0.467,3,4,0.75,1,8,9,6,1,1,6,1,31,0.767,13.4,1.3,-2.8,-1.3,12.7,0.1,0.133,-1.4,1.7,-0.1,8.4,0.8,15.9,7.5,0.488,25.4,0.0,0.0,-0.013,1517981.0,1655506.0
De'Andre Hunter,SF,23,ATL,23,19,678,120,248,0.484,31,95,0.326,89,153,0.582,0.546,73,85,0.859,17,93,110,44,19,12,29,59,344,0.383,9.7,1.6,1.2,0.6,14.7,0.6,0.343,0.6,2.8,1.2,15.7,1.4,9.2,8.9,0.603,20.2,0.5,1.7,0.123,7775400.0,8479832.0
Chandler Hutchison,SF,24,TOT,25,1,346,39,103,0.379,8,22,0.364,31,81,0.383,0.417,21,25,0.84,6,72,78,17,12,5,20,33,107,0.214,6.3,1.2,-5.6,0.2,22.2,0.4,0.243,-5.7,1.9,-0.5,6.8,1.6,14.9,12.1,0.469,16.2,-0.3,-0.1,-0.007,4224186.0,4606886.0
Serge Ibaka,C,31,LAC,41,39,955,186,365,0.51,39,115,0.339,147,250,0.588,0.563,43,53,0.811,73,202,275,74,9,47,44,76,454,0.315,11.5,4.4,1.4,0.2,23.1,1.3,0.145,1.2,8.9,1.7,18.2,0.5,10.2,16.2,0.585,20.1,0.8,3.0,0.15,9720900.0,10601590.0
Andre Iguodala,SF,37,MIA,63,5,1339,95,248,0.383,60,182,0.33,35,66,0.53,0.504,25,38,0.658,38,183,221,142,57,35,67,90,275,0.734,14.3,2.7,-0.4,1.8,15.4,1.8,0.153,-2.2,3.3,-0.1,9.2,2.1,20.2,9.4,0.519,11.2,0.5,1.7,0.062,2641691.0,2881021.0
Joe Ingles,SF,33,UTA,67,30,1867,275,562,0.489,183,406,0.451,92,156,0.59,0.652,76,90,0.844,27,217,244,318,45,12,117,120,809,0.722,24.0,0.5,3.5,0.9,11.8,2.3,0.16,2.6,1.6,4.7,15.9,1.2,16.3,6.9,0.672,16.6,2.6,7.0,0.18,13036364.0,14217427.0
Brandon Ingram,SF,23,NOP,61,61,2093,513,1101,0.466,143,375,0.381,370,726,0.51,0.531,281,320,0.878,34,265,299,296,42,36,154,124,1450,0.341,22.4,1.6,2.2,-1.1,13.7,1.3,0.291,3.3,1.8,3.9,19.2,1.0,11.0,7.8,0.584,28.0,2.2,5.3,0.12,29467800.0,32137511.0
Kyrie Irving,PG,28,BRK,54,54,1886,549,1086,0.506,152,378,0.402,397,708,0.561,0.576,201,218,0.922,52,205,257,324,76,37,130,140,1451,0.348,28.6,1.7,5.5,-0.2,11.4,1.6,0.201,5.7,3.2,5.8,24.4,1.9,9.9,7.5,0.614,30.4,3.6,7.4,0.189,35328700.0,38529394.0
Frank Jackson,PG,22,DET,40,6,738,134,293,0.457,61,150,0.407,73,143,0.51,0.561,61,75,0.813,15,71,86,36,15,1,34,53,390,0.512,7.9,0.1,-1.7,-1.6,10.8,0.4,0.256,-0.1,2.2,0.7,13.2,1.0,9.4,6.5,0.598,21.3,0.1,1.2,0.076,3000000.0,3271792.0
Josh Jackson,SG,23,DET,62,25,1560,296,707,0.419,77,257,0.3,219,450,0.487,0.473,159,218,0.729,57,197,254,143,53,47,142,178,828,0.364,15.1,2.6,-3.0,-0.5,14.2,1.7,0.308,-2.5,4.0,-1.6,12.0,1.7,15.0,9.1,0.516,26.5,-0.4,0.1,0.004,5005350.0,5458822.0
Justin Jackson,SF,25,TOT,34,3,577,89,221,0.403,36,117,0.308,53,104,0.51,0.484,31,37,0.838,16,61,77,52,15,2,32,32,245,0.529,13.9,0.3,-3.5,-1.2,11.1,0.3,0.167,-2.3,2.9,-0.1,10.4,1.2,11.9,6.9,0.516,19.8,-0.2,0.2,0.018,308493.0,336441.0
Reggie Jackson,SG,30,LAC,67,43,1544,263,585,0.45,122,282,0.433,141,303,0.465,0.554,67,82,0.817,24,168,192,205,41,7,74,127,715,0.482,19.0,0.4,0.4,-0.2,11.9,1.4,0.14,0.6,1.8,2.3,14.2,1.3,10.6,7.0,0.576,19.9,0.9,3.7,0.115,10384500.0,11325310.0
Justin James,SF,24,SAC,36,0,310,52,111,0.468,14,38,0.368,38,73,0.521,0.532,21,36,0.583,9,21,30,22,8,3,15,23,139,0.342,9.9,0.8,-4.3,-2.3,7.6,0.0,0.324,-2.0,3.2,0.1,11.3,1.2,10.6,5.4,0.548,19.7,-0.2,0.1,0.02,95930.0,104621.0
LeBron James,PG,36,LAL,45,45,1504,422,823,0.513,104,285,0.365,318,538,0.591,0.576,178,255,0.698,29,317,346,350,48,25,168,70,1126,0.346,41.8,1.5,8.1,2.3,23.6,2.6,0.31,5.9,2.2,3.0,24.2,1.6,15.2,12.9,0.602,31.9,3.8,5.6,0.179,41180544.0,44911401.0
DaQuan Jeffries,SG,23,TOT,31,5,493,50,120,0.417,20,67,0.299,30,53,0.566,0.5,7,8,0.875,19,52,71,22,15,10,14,48,127,0.558,6.1,1.8,-4.7,-1.1,11.8,0.2,0.067,-3.6,4.1,0.0,7.9,1.4,10.2,7.8,0.514,11.9,-0.3,0.3,0.027,95930.0,104621.0
Ty Jerome,SG,23,OKC,33,1,788,128,287,0.446,71,168,0.423,57,119,0.479,0.57,26,34,0.765,10,81,91,120,20,6,47,61,353,0.585,23.7,0.7,-0.7,-0.8,10.8,0.4,0.118,0.1,1.3,0.9,13.4,1.2,13.5,6.0,0.585,18.8,0.3,1.3,0.079,2412840.0,2631437.0
Isaiah Joe,SG,21,PHI,41,1,383,48,133,0.361,39,106,0.368,9,27,0.333,0.508,18,24,0.75,6,30,36,20,12,4,11,34,153,0.797,7.2,0.9,-3.0,-1.0,8.5,0.4,0.18,-2.0,1.8,0.2,9.5,1.5,7.1,5.2,0.533,17.4,-0.1,0.6,0.078,1517981.0,1655506.0
Alize Johnson,PF,24,BRK,18,0,189,40,68,0.588,1,6,0.167,39,62,0.629,0.596,13,13,1.0,27,63,90,14,5,5,9,16,94,0.088,10.9,2.3,2.7,0.0,35.0,0.3,0.191,2.7,16.6,0.6,23.5,1.3,10.9,26.3,0.638,19.1,0.2,0.9,0.227,1003740.0,1094675.0
Cameron Johnson,PF,24,PHO,60,11,1437,203,483,0.42,117,335,0.349,86,148,0.581,0.541,50,59,0.847,33,166,199,86,37,16,40,85,573,0.694,8.0,1.0,-0.2,-0.2,12.9,1.4,0.122,0.0,2.6,1.2,11.8,1.3,7.3,7.9,0.563,17.0,0.7,2.6,0.086,4437000.0,4838981.0
James Johnson,PF,33,TOT,51,12,1043,146,327,0.446,31,120,0.258,115,207,0.556,0.494,45,76,0.592,32,145,177,98,42,42,55,120,368,0.367,12.9,3.8,-1.2,1.5,15.1,1.3,0.232,-2.7,3.4,-0.1,11.4,2.0,13.2,9.3,0.51,17.1,0.2,1.2,0.055,2641691.0,2881021.0
Keldon Johnson,SF,21,SAS,69,67,1968,338,705,0.479,60,181,0.331,278,524,0.531,0.522,145,196,0.74,93,319,412,121,40,24,78,142,881,0.257,8.9,1.0,-1.6,-0.7,17.6,1.7,0.278,-0.9,4.9,1.6,13.8,1.0,9.0,11.1,0.557,19.2,0.2,3.3,0.079,2145720.0,2340117.0
Stanley Johnson,PF,24,TOR,61,13,1006,89,233,0.382,45,137,0.328,44,96,0.458,0.479,44,55,0.8,29,124,153,89,52,18,54,116,267,0.588,12.0,1.8,-2.5,1.2,14.1,1.1,0.236,-3.8,3.1,-0.1,8.8,2.5,17.4,8.4,0.519,13.4,-0.1,1.0,0.048,1368998.0,1493025.0
Tyler Johnson,SG,28,BRK,39,3,684,72,183,0.393,48,132,0.364,24,51,0.471,0.525,18,21,0.857,6,71,77,47,14,0,17,43,210,0.721,8.7,0.0,-3.4,-1.0,10.9,0.3,0.115,-2.4,1.0,0.4,8.2,1.0,8.1,6.2,0.546,13.3,-0.2,0.7,0.049,257418.0,280738.0
Damian Jones,C,25,TOT,39,10,547,70,103,0.68,1,5,0.2,69,98,0.704,0.684,42,58,0.724,36,85,121,29,11,29,26,77,183,0.049,7.0,4.6,-1.4,0.8,17.4,0.5,0.563,-2.2,7.3,1.0,14.6,1.0,16.8,12.3,0.712,12.3,0.1,1.6,0.138,1977011.0,2156123.0
Mason Jones,SG,22,TOT,32,1,334,52,123,0.423,24,66,0.364,28,57,0.491,0.52,40,64,0.625,7,48,55,42,7,1,29,24,168,0.537,18.9,0.3,-2.7,-1.2,16.0,0.2,0.52,-1.4,2.2,0.0,12.1,1.0,16.1,8.8,0.556,23.0,-0.1,0.2,0.028,295125.0,321862.0
Tre Jones,PG,21,SAS,37,1,269,37,78,0.474,3,5,0.6,34,73,0.466,0.494,17,19,0.895,8,13,21,39,8,0,13,13,94,0.064,20.0,0.0,-3.5,-1.3,5.2,0.1,0.244,-2.2,3.1,0.2,12.1,1.4,13.1,4.2,0.544,16.1,-0.1,0.4,0.066,1517981.0,1655506.0
Tyus Jones,PG,24,MEM,70,9,1222,178,413,0.431,45,140,0.321,133,273,0.487,0.485,41,45,0.911,21,119,140,259,64,6,48,31,442,0.339,28.6,0.4,0.8,0.9,10.4,1.3,0.109,-0.1,1.8,1.5,15.0,2.5,10.0,6.1,0.511,16.6,0.9,2.8,0.11,8376286.0,9135157.0
DeAndre Jordan,C,32,BRK,57,43,1246,190,249,0.763,0,1,0.0,190,248,0.766,0.763,46,92,0.5,117,310,427,93,17,65,85,116,426,0.004,10.1,4.6,1.0,1.0,26.1,1.5,0.369,0.1,10.9,2.4,17.1,0.7,22.7,18.9,0.736,13.1,0.9,3.9,0.152,11109327.0,12115804.0
Cory Joseph,PG,29,TOT,63,13,1446,200,426,0.469,45,132,0.341,155,294,0.527,0.522,72,88,0.818,35,124,159,213,61,18,79,139,517,0.31,21.4,1.1,-1.8,0.0,9.7,0.8,0.207,-1.8,2.7,1.3,12.5,2.0,14.5,6.1,0.556,16.3,0.1,2.1,0.069,7310000.0,7972268.0
Mfiondu Kabengele,PF,23,TOT,39,0,280,33,89,0.371,13,50,0.26,20,39,0.513,0.444,16,20,0.8,12,48,60,17,8,13,15,36,95,0.562,8.7,4.1,-4.3,0.1,19.4,0.3,0.225,-4.3,4.7,-0.2,9.5,1.4,13.3,12.0,0.486,17.7,-0.2,0.2,0.026,19186.0,20924.0
Frank Kaminsky,C,27,PHO,47,13,715,121,257,0.471,31,85,0.365,90,172,0.523,0.531,37,60,0.617,36,152,188,79,14,17,22,70,310,0.331,15.3,2.1,1.3,0.8,23.7,0.9,0.233,0.4,5.8,1.1,15.8,1.0,7.2,14.9,0.547,19.0,0.6,2.0,0.133,2089448.0,2278746.0
Luke Kennard,SG,24,LAC,63,17,1232,197,414,0.476,100,224,0.446,97,190,0.511,0.597,26,31,0.839,15,146,161,104,23,9,48,91,520,0.541,11.9,0.7,-0.2,-0.5,13.0,1.1,0.075,0.3,1.4,1.6,12.7,0.9,10.1,7.3,0.608,17.1,0.6,2.7,0.105,13347727.0,14556998.0
Louis King,SF,21,SAC,6,1,85,17,34,0.5,4,11,0.364,13,23,0.565,0.559,6,6,1.0,5,13,18,9,7,3,4,9,44,0.324,15.4,3.0,4.9,2.5,17.2,0.1,0.176,2.3,6.4,0.2,21.2,4.0,9.8,11.8,0.6,20.6,0.1,0.3,0.16,316396.0,345060.0
Maxi Kleber,PF,29,DAL,50,40,1341,116,275,0.422,87,212,0.41,29,63,0.46,0.58,34,37,0.919,47,213,260,68,24,35,30,105,353,0.771,6.6,2.4,0.0,0.5,17.4,1.3,0.135,-0.5,3.9,1.6,10.6,0.9,9.3,10.7,0.606,10.6,0.7,2.9,0.103,8750000.0,9542728.0
Nathan Knight,PF,23,ATL,33,0,279,37,100,0.37,6,33,0.182,31,67,0.463,0.4,44,55,0.8,27,45,72,8,9,10,15,22,124,0.33,4.0,3.2,-3.7,-1.0,17.3,0.3,0.55,-2.6,10.8,0.1,13.9,1.6,10.8,14.1,0.499,21.7,-0.1,0.4,0.07,462629.0,504542.0
Kevin Knox,SF,21,NYK,42,0,464,56,143,0.392,35,89,0.393,21,54,0.389,0.514,16,20,0.8,10,51,61,19,12,6,17,37,163,0.622,5.9,1.2,-1.4,0.4,11.8,0.6,0.14,-1.7,2.4,0.0,9.1,1.3,10.1,7.1,0.537,16.2,0.1,0.6,0.065,5845978.0,6375609.0
John Konchar,SG,24,MEM,43,0,575,69,138,0.5,21,56,0.375,48,82,0.585,0.576,25,30,0.833,35,93,128,47,30,9,18,40,184,0.406,10.7,1.4,1.2,1.4,17.3,0.8,0.217,-0.2,6.4,0.9,14.8,2.5,10.6,11.8,0.608,12.4,0.5,1.7,0.145,2200000.0,2399314.0
Furkan Korkmaz,SG,23,PHI,55,11,1062,170,424,0.401,101,269,0.375,69,155,0.445,0.52,60,82,0.732,17,96,113,82,49,9,46,64,501,0.634,11.1,0.8,-0.1,0.2,9.8,1.5,0.193,-0.3,1.8,0.6,12.8,2.2,9.1,5.9,0.544,20.5,0.5,2.0,0.092,4629630.0,5049063.0
Luke Kornet,C-PF,25,TOT,31,2,348,44,101,0.436,15,59,0.254,29,42,0.69,0.51,3,6,0.5,14,53,67,24,4,32,7,20,106,0.584,9.5,8.5,0.8,1.6,17.0,0.5,0.059,-0.8,4.4,0.2,13.3,0.6,6.3,10.7,0.511,13.7,0.3,0.7,0.095,812364.0,885961.0
Kyle Kuzma,SF,25,LAL,68,32,1954,335,757,0.443,137,380,0.361,198,377,0.525,0.533,67,97,0.691,108,309,417,127,35,41,113,121,874,0.502,9.8,1.9,-0.4,-0.1,17.7,2.9,0.128,-0.4,6.3,0.4,12.7,0.9,12.4,12.0,0.546,20.3,0.8,3.3,0.08,13000000.0,14177768.0
Anthony Lamb,SF,23,HOU,24,3,415,46,118,0.39,23,71,0.324,23,47,0.489,0.487,18,21,0.857,27,43,70,23,6,5,19,34,133,0.602,7.9,1.1,-6.1,-2.7,11.5,0.1,0.178,-3.4,6.7,0.1,8.7,0.7,13.0,9.0,0.523,15.0,-0.4,0.2,0.023,136095.0,148424.0
Jeremy Lamb,SG,28,IND,36,8,765,120,276,0.435,52,128,0.406,68,148,0.459,0.529,71,75,0.947,25,106,131,53,34,23,22,72,363,0.464,9.4,2.4,1.4,0.7,14.9,0.9,0.272,0.7,3.6,1.2,15.8,2.1,6.6,9.3,0.587,18.4,0.7,2.1,0.132,10500000.0,11451274.0
Romeo Langford,SG,21,BOS,18,4,283,21,59,0.356,5,18,0.278,16,41,0.39,0.398,9,12,0.75,12,23,35,13,6,5,10,24,56,0.305,5.9,1.7,-4.6,0.2,9.1,0.2,0.203,-4.9,4.7,-0.2,5.1,1.0,13.5,6.9,0.436,11.3,-0.2,0.0,0.003,3804360.0,4149025.0
Zach LaVine,SG,25,CHI,58,58,2034,569,1123,0.507,200,477,0.419,369,646,0.571,0.596,253,298,0.849,36,253,289,282,46,27,203,138,1591,0.425,23.4,1.2,4.0,-0.8,13.6,1.8,0.265,4.9,2.0,4.0,21.5,1.1,13.9,7.9,0.634,31.0,3.1,5.9,0.138,19500000.0,21266652.0
Jake Layman,SF,26,MIN,45,11,627,91,184,0.495,23,78,0.295,68,106,0.642,0.557,26,37,0.703,13,54,67,28,29,19,26,44,231,0.424,6.4,2.6,-2.1,0.2,9.7,0.5,0.201,-2.2,2.2,0.2,11.4,2.2,11.5,5.8,0.577,15.1,0.0,0.7,0.051,3940184.0,4297155.0
Damion Lee,SG,28,GSW,57,1,1079,128,274,0.467,77,194,0.397,51,80,0.638,0.608,40,44,0.909,22,158,180,73,38,8,30,89,373,0.708,9.1,0.7,0.2,0.9,15.4,1.3,0.161,-0.7,2.2,1.4,11.8,1.7,9.3,8.9,0.636,12.8,0.6,2.7,0.119,1910860.0,2083979.0
Saben Lee,PG,21,DET,48,7,781,99,210,0.471,8,23,0.348,91,187,0.487,0.49,61,89,0.685,20,77,97,174,32,13,55,76,267,0.11,33.2,1.5,-2.0,0.2,11.1,0.8,0.424,-2.1,2.8,0.7,13.8,2.0,18.1,6.9,0.536,17.0,0.0,1.5,0.091,1489065.0,1623970.0
Alex Len,C,27,TOT,64,42,979,171,278,0.615,8,25,0.32,163,253,0.644,0.629,73,116,0.629,78,182,260,49,20,64,55,127,423,0.09,7.0,5.6,-0.1,1.0,19.7,1.3,0.417,-1.2,8.5,1.5,16.4,0.9,14.3,14.1,0.643,16.3,0.5,2.7,0.133,3732000.0,4070110.0
Kawhi Leonard,SF,29,LAC,52,52,1773,465,908,0.512,101,254,0.398,364,654,0.557,0.568,261,295,0.885,55,282,337,269,81,21,105,82,1292,0.28,24.9,1.1,7.3,1.3,17.4,2.4,0.325,6.0,3.6,6.4,26.0,2.3,9.2,10.7,0.622,28.6,4.2,8.8,0.238,39344900.0,42909452.0
Caris LeVert,SG,26,TOT,47,39,1486,359,814,0.441,84,258,0.326,275,556,0.495,0.493,146,180,0.811,33,181,214,245,66,30,102,105,948,0.317,25.4,1.7,0.4,-0.5,13.1,1.5,0.221,0.9,2.5,0.9,17.8,2.1,10.2,7.8,0.531,28.7,0.9,2.4,0.077,17500000.0,19085457.0
Damian Lillard,PG,30,POR,67,67,2398,602,1334,0.451,275,704,0.391,327,630,0.519,0.554,449,484,0.928,32,251,283,505,62,17,203,102,1928,0.528,34.6,0.6,6.3,-1.3,11.5,0.8,0.363,7.5,1.4,9.6,25.6,1.3,11.6,6.3,0.623,31.4,5.0,10.4,0.209,39344900.0,42909452.0
Nassir Little,PF,20,POR,48,2,640,78,167,0.467,28,80,0.35,50,87,0.575,0.551,36,45,0.8,32,96,128,23,5,13,18,51,220,0.479,4.9,1.8,-2.7,-1.6,16.5,0.2,0.269,-1.1,5.2,0.9,11.6,0.4,8.8,10.7,0.589,13.8,-0.1,1.1,0.082,2316240.0,2526085.0
Kevon Looney,C,24,GSW,61,34,1161,108,197,0.548,4,17,0.235,104,180,0.578,0.558,31,48,0.646,117,205,322,119,21,22,37,136,251,0.086,13.4,1.7,-0.9,1.0,18.6,1.4,0.244,-1.8,10.9,2.0,11.9,0.8,14.5,14.8,0.575,9.4,0.3,3.4,0.139,5178572.0,5647738.0
Brook Lopez,C,32,MIL,70,70,1902,322,640,0.503,95,281,0.338,227,359,0.632,0.577,120,142,0.845,104,243,347,50,40,103,64,149,859,0.439,3.5,4.8,0.0,0.0,13.0,2.2,0.222,0.0,6.0,3.1,15.4,1.0,8.3,9.6,0.611,16.9,0.9,5.3,0.133,13302325.0,14507483.0
Robin Lopez,C,32,WAS,71,9,1354,269,425,0.633,5,18,0.278,264,407,0.649,0.639,99,137,0.723,141,131,272,55,15,44,75,109,642,0.042,5.9,2.7,-1.0,-1.2,10.2,0.9,0.322,0.2,11.1,2.8,16.7,0.5,13.4,10.6,0.661,17.1,0.4,3.7,0.131,5000000.0,5452987.0
Didi Louzada,SF,21,NOP,3,0,56,3,13,0.231,2,8,0.25,1,5,0.2,0.308,0,0,0.0,1,2,3,3,2,0,3,5,8,0.615,6.5,0.0,-9.6,-1.8,3.9,0.0,0.0,-7.8,1.9,-0.1,-0.9,1.7,18.8,2.9,0.308,12.0,-0.1,-0.1,-0.099,1786878.0,1948764.0
Kevin Love,PF,32,CLE,25,25,622,103,252,0.409,57,156,0.365,46,96,0.479,0.522,42,51,0.824,17,169,186,63,16,2,38,26,305,0.619,16.0,0.3,-0.1,-0.9,31.2,0.6,0.202,0.9,3.0,0.3,15.1,1.3,12.2,16.7,0.556,21.9,0.3,0.9,0.073,31258256.0,34090178.0
Kyle Lowry,PG,34,TOR,46,46,1601,260,596,0.436,131,331,0.396,129,265,0.487,0.546,140,160,0.875,35,212,247,338,45,14,126,143,791,0.555,31.8,0.9,1.6,-0.4,15.1,1.3,0.268,2.0,2.3,2.9,16.5,1.4,15.9,8.5,0.593,21.4,1.5,4.1,0.124,26984128.0,29428824.0
Trey Lyles,PF,25,SAS,23,9,358,43,90,0.478,14,40,0.35,29,50,0.58,0.556,15,23,0.652,9,77,86,14,6,1,6,13,115,0.444,5.3,0.2,-1.8,-0.5,23.3,0.3,0.256,-1.3,2.6,0.3,11.4,0.8,5.7,12.8,0.574,12.9,0.0,0.6,0.085,2500000.0,2726493.0
Terance Mann,SG,24,LAC,67,10,1263,178,350,0.509,38,91,0.418,140,259,0.541,0.563,78,94,0.83,56,186,242,104,29,13,40,126,472,0.26,11.3,0.9,-0.2,0.3,16.1,1.3,0.269,-0.5,5.1,2.4,13.8,1.1,9.3,10.8,0.603,15.1,0.6,3.7,0.141,1782621.0,1944122.0
Lauri Markkanen,PF,23,CHI,51,26,1317,250,521,0.48,119,296,0.402,131,225,0.582,0.594,76,92,0.826,35,233,268,45,26,15,52,75,695,0.568,5.0,1.0,0.1,-0.9,19.4,1.3,0.177,1.0,3.0,1.7,15.2,1.0,8.5,11.3,0.619,20.2,0.7,3.0,0.109,15690909.0,17112467.0
Naji Marshall,SF,23,NOP,32,10,700,82,209,0.392,29,83,0.349,53,126,0.421,0.462,53,75,0.707,15,133,148,88,26,10,38,58,246,0.397,16.5,1.4,-1.3,0.8,20.6,0.7,0.359,-2.1,2.3,0.2,11.4,1.8,13.6,11.5,0.508,16.8,0.1,0.9,0.061,1517981.0,1655506.0
Caleb Martin,SF,25,CHO,53,3,818,96,256,0.375,31,125,0.248,65,131,0.496,0.436,41,64,0.641,31,110,141,67,37,12,33,62,264,0.488,11.5,1.5,-3.4,0.2,14.8,0.9,0.25,-3.6,4.0,-0.4,9.5,2.2,10.4,9.3,0.465,16.7,-0.3,0.5,0.03,844011.0,920476.0
Cody Martin,SF,25,CHO,52,10,849,83,188,0.441,16,58,0.276,67,130,0.515,0.484,25,43,0.581,52,109,161,86,37,12,40,52,207,0.309,13.9,1.4,-2.0,0.7,14.1,0.9,0.229,-2.7,6.5,0.2,10.6,2.1,16.2,10.3,0.5,12.5,0.0,1.1,0.061,1782621.0,1944122.0
Kelan Martin,SF,25,IND,35,0,322,62,138,0.449,24,60,0.4,38,78,0.487,0.536,9,10,0.9,18,60,78,17,10,10,16,35,157,0.435,7.5,2.5,-2.4,-1.3,20.1,0.4,0.072,-1.1,6.1,0.1,13.9,1.5,10.1,13.1,0.551,20.9,0.0,0.4,0.066,993760.0,1083792.0
Garrison Mathews,SG,24,WAS,64,24,1038,97,237,0.409,76,198,0.384,21,39,0.538,0.57,84,95,0.884,16,71,87,26,29,7,10,106,354,0.835,3.1,0.6,-1.8,-0.1,7.2,0.6,0.401,-1.7,1.6,1.7,9.7,1.3,3.5,4.4,0.635,11.5,0.1,2.3,0.108,2000000.0,2181195.0
Dakota Mathias,SG,25,PHI,8,2,123,19,48,0.396,8,26,0.308,11,22,0.5,0.479,2,6,0.333,1,6,7,13,1,3,1,7,48,0.542,15.1,2.2,-2.6,-1.0,5.3,0.1,0.125,-1.5,0.9,0.0,9.8,0.4,1.9,3.1,0.474,18.1,0.0,0.2,0.061,171156.0,186662.0
Wesley Matthews,SG,34,LAL,58,10,1130,89,252,0.353,66,197,0.335,23,55,0.418,0.484,35,41,0.854,20,73,93,54,38,17,26,80,279,0.782,6.3,1.3,-1.7,1.4,7.2,1.5,0.163,-3.1,2.0,0.2,7.2,1.6,8.8,4.6,0.517,11.4,0.1,1.7,0.073,1958495.0,2135929.0
Tyrese Maxey,SG,20,PHI,61,8,935,198,429,0.462,31,103,0.301,167,326,0.512,0.498,61,70,0.871,11,93,104,120,26,13,41,79,488,0.24,19.9,1.2,-1.5,-0.5,10.8,1.1,0.163,-1.0,1.3,0.8,14.5,1.3,8.2,6.1,0.531,23.0,0.1,1.9,0.099,2602920.0,2838738.0
Skylar Mays,SG,23,ATL,33,0,269,44,98,0.449,14,40,0.35,30,58,0.517,0.52,22,25,0.88,10,25,35,30,14,2,9,15,124,0.408,16.4,0.7,1.9,0.7,10.0,0.3,0.255,1.2,4.2,0.5,16.8,2.6,7.6,7.1,0.569,19.1,0.3,0.8,0.14,510907.0,557193.0
CJ McCollum,SG,29,POR,47,47,1600,405,884,0.458,169,420,0.402,236,464,0.509,0.554,108,133,0.812,30,155,185,223,44,21,65,87,1087,0.475,23.0,1.2,3.9,-1.1,10.6,0.6,0.15,5.0,2.0,4.1,20.8,1.3,6.5,6.2,0.577,27.1,2.4,4.7,0.141,30864198.0,33660419.0
Jaden McDaniels,PF,20,MIN,63,27,1511,164,367,0.447,72,198,0.364,92,169,0.544,0.545,27,45,0.6,52,180,232,71,35,60,47,172,427,0.54,6.4,3.4,-3.5,-0.2,13.4,0.9,0.123,-3.3,3.6,0.5,8.9,1.1,10.8,8.3,0.552,12.0,-0.6,1.4,0.046,2063280.0,2250208.0
Jalen McDaniels,SF,23,CHO,47,18,904,133,284,0.468,35,105,0.333,98,179,0.547,0.53,45,64,0.703,45,124,169,53,28,19,45,95,346,0.37,8.6,2.1,-3.2,-0.4,15.1,0.9,0.225,-2.8,5.3,0.3,11.4,1.5,12.6,10.1,0.554,17.0,-0.3,1.2,0.062,1782621.0,1944122.0
Doug McDermott,PF,29,IND,66,29,1619,354,665,0.532,111,286,0.388,243,379,0.641,0.616,80,98,0.816,60,161,221,85,20,6,53,117,899,0.43,7.8,0.3,-0.6,-2.0,10.7,0.7,0.147,1.4,4.0,3.1,15.6,0.6,7.0,7.4,0.635,20.0,0.6,3.8,0.112,13750000.0,14995716.0
JaVale McGee,C,33,TOT,46,2,678,144,282,0.511,5,24,0.208,139,258,0.539,0.52,44,67,0.657,77,162,239,39,19,54,60,121,337,0.085,9.7,7.3,-2.5,0.8,27.3,1.1,0.238,-3.3,12.6,-0.1,17.0,1.4,16.2,19.8,0.541,23.9,-0.1,1.0,0.068,5000000.0,5452987.0
Rodney McGruder,SG,29,DET,16,2,194,37,70,0.529,11,24,0.458,26,46,0.565,0.607,6,8,0.75,8,14,22,16,8,1,7,12,91,0.343,13.6,0.4,0.7,0.0,8.1,0.2,0.114,0.7,4.5,0.3,16.1,2.0,8.7,6.3,0.619,18.1,0.1,0.5,0.121,1939350.0,2115050.0
Alfonzo McKinnie,SF,28,LAL,39,0,258,48,93,0.516,16,39,0.41,32,54,0.593,0.602,10,18,0.556,22,32,54,6,7,0,5,26,122,0.419,3.6,0.0,-0.4,-0.8,13.9,0.3,0.194,0.3,9.6,0.5,15.5,1.3,4.7,11.8,0.604,17.8,0.1,0.8,0.156,1090007.0,1188758.0
Jordan McLaughlin,PG,24,MIN,51,2,938,100,242,0.413,33,92,0.359,67,150,0.447,0.481,23,30,0.767,21,87,108,193,51,6,51,44,256,0.38,28.0,0.6,-1.7,0.2,10.4,0.6,0.124,-2.0,2.3,0.6,12.0,2.6,16.7,6.2,0.502,13.7,0.1,1.2,0.062,2000000.0,2181195.0
Ben McLemore,SG,27,TOT,53,5,905,135,365,0.37,97,280,0.346,38,85,0.447,0.503,39,53,0.736,15,85,100,39,23,9,42,88,406,0.767,6.4,0.9,-3.9,-1.2,10.5,0.7,0.145,-2.7,1.7,-0.5,8.5,1.2,9.8,6.0,0.523,20.4,-0.4,0.2,0.013,2389641.0,2606136.0
De'Anthony Melton,PG,22,MEM,52,1,1045,172,393,0.438,87,211,0.412,85,182,0.467,0.548,41,51,0.804,30,131,161,132,60,31,66,85,472,0.537,17.5,2.7,2.3,1.7,13.4,1.5,0.13,0.6,3.0,0.7,15.2,2.7,13.7,8.2,0.568,19.5,1.1,2.2,0.103,8805976.0,9603776.0
Sam Merrill,SG,24,MIL,30,2,233,32,72,0.444,21,47,0.447,11,25,0.44,0.59,4,4,1.0,6,24,30,21,8,1,10,17,89,0.653,11.4,0.4,-1.0,-0.3,10.4,0.2,0.056,-0.7,2.8,0.3,11.9,1.6,11.9,6.8,0.603,15.0,0.1,0.5,0.102,1517981.0,1655506.0
Chimezie Metu,C,23,SAC,36,6,488,91,179,0.508,13,37,0.351,78,142,0.549,0.545,31,43,0.721,31,81,112,28,14,18,29,59,226,0.207,8.2,3.1,-3.6,-1.3,18.7,0.3,0.24,-2.2,7.0,0.3,14.5,1.4,12.8,12.7,0.571,20.0,-0.2,0.6,0.061,1762796.0,1922501.0
Khris Middleton,SF,29,MIL,68,68,2269,511,1074,0.476,151,365,0.414,360,709,0.508,0.546,212,236,0.898,54,352,406,370,74,9,178,160,1385,0.34,23.2,0.4,1.3,-0.3,15.7,2.2,0.22,1.7,2.6,4.1,18.2,1.5,13.1,9.4,0.588,25.0,1.9,6.4,0.135,35500000.0,38716214.0
Paul Millsap,PF,35,DEN,56,36,1162,191,401,0.476,49,143,0.343,142,258,0.55,0.537,71,98,0.724,76,186,262,98,51,36,51,111,502,0.357,11.6,3.0,1.0,0.7,18.1,1.6,0.244,0.3,7.4,1.7,16.4,2.2,10.3,12.8,0.565,18.6,0.9,3.2,0.133,2641691.0,2881021.0
Shake Milton,SG,24,PHI,63,4,1461,300,667,0.45,71,203,0.35,229,464,0.494,0.503,146,176,0.83,33,115,148,193,39,18,103,130,817,0.304,20.3,1.1,-1.6,-1.0,8.5,1.6,0.264,-0.7,2.5,1.1,14.6,1.3,12.2,5.6,0.549,24.9,0.1,2.8,0.091,1846738.0,2014047.0
Donovan Mitchell,PG,24,UTA,53,53,1771,478,1091,0.438,178,461,0.386,300,630,0.476,0.52,267,316,0.845,50,185,235,277,52,15,147,117,1401,0.423,26.7,0.7,4.3,-0.2,10.6,2.2,0.29,4.6,3.1,3.9,21.3,1.4,10.7,7.0,0.569,33.5,2.8,6.2,0.167,28103500.0,30649609.0
Malik Monk,SG,22,CHO,42,0,878,173,399,0.434,85,212,0.401,88,187,0.471,0.54,59,72,0.819,14,87,101,87,19,4,55,47,490,0.531,15.7,0.5,-1.8,-2.0,10.9,0.5,0.18,0.2,1.7,0.5,13.6,1.1,11.3,6.2,0.569,23.8,0.0,1.0,0.054,1789256.0,1951358.0
E'Twaun Moore,SG,31,PHO,27,1,389,55,121,0.455,11,35,0.314,44,86,0.512,0.5,12,14,0.857,14,31,45,40,15,5,23,32,133,0.289,13.7,1.2,-2.9,0.2,8.9,0.4,0.116,-3.1,4.2,0.0,10.4,1.9,15.3,6.6,0.523,17.2,-0.1,0.4,0.049,2641691.0,2881021.0
Ja Morant,PG,21,MEM,63,63,2053,430,957,0.449,73,241,0.303,357,716,0.499,0.487,271,372,0.728,59,193,252,465,57,13,203,87,1204,0.252,33.5,0.6,-0.4,-1.6,10.1,1.6,0.389,1.3,3.0,1.6,16.7,1.3,15.3,6.5,0.537,27.2,0.8,3.2,0.074,9603360.0,10473401.0
Juwan Morgan,PF,23,UTA,29,0,147,14,30,0.467,4,13,0.308,10,17,0.588,0.533,3,7,0.429,9,19,28,9,4,1,4,21,35,0.433,8.0,0.6,-2.3,1.2,13.1,0.2,0.233,-3.5,6.8,0.1,8.5,1.3,10.8,10.1,0.529,10.9,0.0,0.3,0.105,211046.0,230166.0
Marcus Morris,PF,31,LAC,57,29,1502,276,584,0.473,140,296,0.473,136,288,0.472,0.592,73,89,0.82,35,199,234,58,34,15,57,117,765,0.507,5.6,0.9,0.0,-0.8,14.5,1.5,0.152,0.9,2.7,2.1,14.5,1.1,8.4,8.8,0.614,20.1,0.8,3.6,0.115,15627907.0,17043757.0
Markieff Morris,PF,31,LAL,61,27,1200,153,378,0.405,65,209,0.311,88,169,0.521,0.491,36,50,0.72,48,218,266,73,22,19,54,105,407,0.553,8.6,1.4,-2.6,0.3,20.3,1.8,0.132,-2.9,4.5,-0.2,9.3,0.9,11.9,12.5,0.509,16.4,-0.2,1.6,0.062,2641691.0,2881021.0
Monte Morris,PG,25,DEN,47,13,1196,186,387,0.481,51,134,0.381,135,253,0.534,0.547,58,73,0.795,11,85,96,150,34,13,34,48,481,0.346,17.1,1.1,-0.3,-0.5,8.0,0.8,0.189,0.1,1.0,2.0,14.0,1.4,7.5,4.6,0.574,16.5,0.5,2.9,0.115,8449074.0,9214539.0
Mychal Mulder,PG,26,GSW,60,6,766,119,265,0.449,85,214,0.397,34,51,0.667,0.609,14,22,0.636,8,52,60,26,12,12,16,56,337,0.808,4.8,1.4,-1.8,-1.2,7.1,0.6,0.083,-0.6,1.1,0.6,10.8,0.7,5.5,4.2,0.613,16.2,0.0,1.2,0.075,257902.0,281266.0
Dejounte Murray,PG,24,SAS,67,67,2139,441,974,0.453,63,199,0.317,378,775,0.488,0.485,106,134,0.791,58,415,473,363,101,7,117,135,1051,0.204,25.9,0.3,0.8,1.0,21.1,2.6,0.138,-0.2,2.8,0.7,16.5,2.3,10.2,11.8,0.509,23.4,1.5,3.3,0.074,15428880.0,16826699.0
Jamal Murray,PG,23,DEN,48,48,1704,378,792,0.477,129,316,0.408,249,476,0.523,0.559,133,153,0.869,37,157,194,231,64,13,108,95,1018,0.399,20.3,0.7,2.0,-0.7,10.4,1.5,0.193,2.7,2.5,3.1,18.3,1.9,11.2,6.5,0.592,24.8,1.7,4.6,0.129,29467800.0,32137511.0
Mike Muscala,C,29,OKC,35,0,645,119,267,0.446,68,184,0.37,51,83,0.614,0.573,33,36,0.917,19,113,132,28,8,11,21,54,339,0.689,7.0,1.5,-0.1,-1.0,18.4,0.4,0.135,0.9,3.0,0.9,14.7,0.6,6.9,10.6,0.599,20.0,0.3,1.3,0.096,3500000.0,3817091.0
Abdel Nader,SF,27,PHO,24,0,355,57,116,0.491,18,43,0.419,39,73,0.534,0.569,28,37,0.757,7,55,62,19,10,9,19,34,160,0.371,7.3,2.3,0.0,1.0,17.3,0.4,0.319,-1.0,2.3,0.3,13.4,1.4,12.6,9.9,0.605,19.0,0.2,0.7,0.095,2000000.0,2181195.0
Aaron Nesmith,SF,21,BOS,46,1,669,78,178,0.438,40,108,0.37,38,70,0.543,0.551,22,28,0.786,28,99,127,23,15,9,23,87,218,0.607,4.6,1.3,-3.2,-0.4,16.6,0.6,0.157,-2.8,4.6,0.5,9.4,1.1,10.8,10.6,0.573,13.7,-0.2,1.1,0.076,3631200.0,3960177.0
Raul Neto,PG,28,WAS,64,22,1403,209,447,0.468,64,164,0.39,145,283,0.512,0.539,75,85,0.882,28,128,156,146,73,6,53,109,557,0.367,14.0,0.4,-0.6,0.9,9.6,1.3,0.19,-1.4,2.1,1.5,13.0,2.4,9.9,5.9,0.575,15.8,0.5,2.8,0.097,2089448.0,2278746.0
Georges Niang,PF,27,UTA,72,10,1154,177,405,0.437,124,292,0.425,53,113,0.469,0.59,22,23,0.957,28,148,176,59,25,8,51,116,500,0.721,7.3,0.6,-0.3,0.1,13.0,1.4,0.057,-0.4,2.7,1.2,11.4,1.1,10.9,8.1,0.602,17.4,0.5,2.6,0.108,3300000.0,3598972.0
Zeke Nnaji,PF,20,DEN,42,1,397,50,104,0.481,24,59,0.407,26,45,0.578,0.596,12,15,0.8,14,51,65,10,8,4,7,29,136,0.567,3.3,1.0,-1.7,-1.1,14.5,0.3,0.144,-0.6,4.0,0.6,11.3,1.0,6.0,9.3,0.615,12.9,0.0,0.9,0.104,2498760.0,2725141.0
Nerlens Noel,C,26,NYK,64,41,1547,137,223,0.614,0,3,0.0,137,220,0.623,0.614,50,70,0.714,142,266,408,46,70,141,65,176,324,0.013,4.1,8.7,1.4,3.8,18.4,3.6,0.314,-2.4,10.1,1.6,14.8,2.3,20.4,14.3,0.638,9.2,1.3,5.2,0.162,8800000.0,9597258.0
Jaylen Nowell,SG,21,MIN,42,0,759,142,335,0.424,50,150,0.333,92,185,0.497,0.499,45,55,0.818,19,76,95,62,22,12,28,72,379,0.448,12.5,1.4,-2.8,-1.4,11.3,0.4,0.164,-1.5,2.6,0.3,12.3,1.4,7.2,6.8,0.528,21.4,-0.2,0.7,0.044,1782621.0,1944122.0
Frank Ntilikina,PG,22,NYK,33,4,322,29,79,0.367,23,48,0.479,6,31,0.194,0.513,8,18,0.444,6,25,31,19,18,4,11,45,89,0.608,8.1,1.2,-1.7,2.5,8.3,0.5,0.228,-4.2,2.0,0.0,7.7,2.8,11.2,5.2,0.512,13.6,0.0,0.5,0.07,1789256.0,1951358.0
Kendrick Nunn,PG,25,MIA,56,44,1650,319,658,0.485,122,320,0.381,197,338,0.583,0.578,56,60,0.933,21,158,179,148,52,14,80,108,816,0.486,14.5,0.9,-0.5,-0.4,10.8,1.5,0.091,-0.1,1.5,1.4,14.2,1.6,10.5,6.2,0.596,20.9,0.6,2.9,0.084,5000000.0,5452987.0
David Nwaba,SF,28,HOU,30,9,679,106,218,0.486,17,63,0.27,89,155,0.574,0.525,47,68,0.691,40,78,118,31,30,21,17,60,276,0.289,6.9,2.8,-0.8,0.6,12.8,0.6,0.312,-1.4,6.0,0.7,14.4,2.1,6.4,9.3,0.557,16.6,0.2,1.3,0.094,4650000.0,5071278.0
Jordan Nwora,SF,22,MIL,30,2,274,62,135,0.459,28,62,0.452,34,73,0.466,0.563,19,25,0.76,9,51,60,7,16,7,24,22,171,0.459,3.6,2.3,-1.1,-0.4,18.9,0.4,0.185,-0.7,3.6,0.0,16.1,2.7,14.1,11.5,0.586,26.0,0.1,0.4,0.068,1517981.0,1655506.0
Royce O'Neale,SF,27,UTA,71,71,2241,175,394,0.444,107,278,0.385,68,116,0.586,0.58,39,46,0.848,88,397,485,181,57,32,83,182,496,0.706,10.4,1.2,1.0,2.1,18.0,3.3,0.117,-1.2,4.4,2.3,9.9,1.2,16.7,11.5,0.599,9.6,1.7,5.6,0.121,8800000.0,9597258.0
Semi Ojeleye,PF,26,BOS,56,15,950,89,221,0.403,58,158,0.367,31,63,0.492,0.534,24,32,0.75,31,116,147,37,17,0,21,56,260,0.715,5.1,0.0,-2.4,-0.7,13.7,0.6,0.145,-1.7,3.6,0.7,8.3,0.9,8.2,8.6,0.553,11.6,-0.1,1.2,0.063,1789256.0,1951358.0
Jahlil Okafor,C,25,DET,27,2,347,63,102,0.618,2,9,0.222,61,93,0.656,0.627,17,24,0.708,23,43,66,13,6,5,21,39,145,0.088,6.1,1.3,-3.2,-0.7,13.9,0.3,0.235,-2.5,7.3,0.3,13.1,0.8,15.7,10.6,0.644,16.8,-0.1,0.6,0.082,2130023.0,2322997.0
Chuma Okeke,PF,22,ORL,45,19,1133,135,324,0.417,49,141,0.348,86,183,0.47,0.492,30,40,0.75,42,139,181,101,48,22,38,48,349,0.435,13.2,1.8,-1.5,0.5,13.2,1.0,0.123,-1.9,3.7,0.3,11.8,2.1,10.0,8.3,0.511,14.5,0.1,1.3,0.056,3277080.0,3573975.0
Josh Okogie,SG,22,MIN,59,37,1197,102,254,0.402,29,108,0.269,73,146,0.5,0.459,83,108,0.769,63,93,156,63,54,28,43,123,316,0.425,7.0,2.0,-3.3,0.3,8.7,0.8,0.425,-3.7,5.5,0.5,9.1,2.1,12.5,7.1,0.524,12.1,-0.4,1.3,0.051,4087904.0,4458258.0
Onyeka Okongwu,C,20,ATL,50,4,601,96,149,0.644,0,3,0.0,96,146,0.658,0.644,36,57,0.632,62,101,163,18,23,33,29,100,228,0.02,4.4,4.8,-1.4,0.8,18.0,0.8,0.383,-2.2,11.5,1.1,16.8,1.9,14.3,14.9,0.655,14.7,0.1,1.9,0.155,6104280.0,6657312.0
Isaac Okoro,SG,20,CLE,67,67,2173,235,559,0.42,62,214,0.29,173,345,0.501,0.476,114,157,0.726,68,138,206,128,62,24,86,185,646,0.383,8.6,1.0,-5.1,-0.9,7.3,1.0,0.281,-4.2,3.4,-0.1,7.9,1.4,12.0,5.3,0.514,14.3,-1.7,0.9,0.02,6720720.0,7329600.0
KZ Okpala,PF,21,MIA,37,9,447,36,96,0.375,12,50,0.24,24,46,0.522,0.438,8,15,0.533,21,47,68,19,10,11,15,59,92,0.521,5.8,2.6,-7.1,-0.6,11.8,0.4,0.156,-6.5,5.5,-0.3,5.2,1.1,12.8,8.7,0.448,11.9,-0.6,0.1,0.015,1782621.0,1944122.0
Victor Oladipo,SG,28,TOT,33,33,1080,235,576,0.408,78,239,0.326,157,337,0.466,0.476,104,138,0.754,12,148,160,151,46,14,83,81,652,0.415,22.8,1.2,-1.7,-0.8,15.1,1.0,0.24,-0.9,1.2,-0.6,14.3,2.0,11.5,8.0,0.512,28.5,0.1,0.4,0.017,2389641.0,2606136.0
Cameron Oliver,SF,24,HOU,4,0,87,19,33,0.576,4,13,0.308,15,20,0.75,0.636,1,4,0.25,5,16,21,5,2,4,3,11,43,0.394,9.6,4.1,-2.0,-1.0,20.5,0.1,0.121,-1.0,5.9,0.1,17.2,1.1,7.9,12.9,0.619,18.5,0.0,0.2,0.114,85578.0,93331.0
Kelly Olynyk,C-PF,29,TOT,70,62,1997,337,697,0.484,126,368,0.342,211,329,0.641,0.574,145,175,0.829,87,402,489,203,79,42,126,207,945,0.528,16.0,2.1,1.2,0.9,22.5,2.6,0.251,0.3,4.8,2.5,16.4,1.9,14.0,13.6,0.61,19.7,1.6,5.1,0.121,12195122.0,13299970.0
Miye Oni,SG,23,UTA,54,0,519,35,99,0.354,30,88,0.341,5,11,0.455,0.505,5,6,0.833,23,61,84,28,11,8,16,61,105,0.889,6.8,1.2,-1.7,1.3,11.9,0.7,0.061,-3.0,4.9,0.2,6.4,1.0,13.6,8.6,0.517,9.8,0.0,0.9,0.081,946261.0,1031989.0
Cedi Osman,SF,25,CLE,59,26,1510,219,586,0.374,99,324,0.306,120,262,0.458,0.458,76,95,0.8,38,163,201,174,53,9,80,119,613,0.553,17.7,0.5,-3.2,-0.9,12.4,1.0,0.162,-2.3,2.8,-0.5,10.3,1.7,11.3,7.5,0.488,20.4,-0.5,0.5,0.014,8133334.0,8870194.0
Daniel Oturu,C,21,LAC,30,0,161,22,52,0.423,1,5,0.2,21,47,0.447,0.433,9,12,0.75,21,27,48,10,4,7,9,24,54,0.096,8.5,3.9,-5.2,-1.1,18.3,0.2,0.231,-4.1,15.1,0.0,12.5,1.2,13.6,16.8,0.471,18.2,-0.1,0.3,0.081,1603559.0,1748837.0
Jabari Parker,PF,25,TOT,13,0,165,30,55,0.545,2,11,0.182,28,44,0.636,0.564,10,13,0.769,10,32,42,11,1,5,10,13,72,0.2,9.9,2.8,-0.9,0.0,21.8,0.1,0.236,-0.9,6.7,0.2,14.7,0.3,14.1,14.2,0.593,18.5,0.0,0.3,0.089,1168286.0,1274129.0
Eric Paschall,PF,24,GSW,40,2,695,148,298,0.497,18,54,0.333,130,244,0.533,0.527,67,94,0.713,28,100,128,51,12,7,43,68,381,0.181,11.4,0.9,-2.7,-0.9,15.1,0.7,0.315,-1.8,4.3,0.2,13.4,0.8,11.2,9.8,0.561,23.5,-0.1,0.9,0.062,1782621.0,1944122.0
Patrick Patterson,PF,31,LAC,38,5,582,72,165,0.436,40,112,0.357,32,53,0.604,0.558,13,17,0.765,19,56,75,29,14,8,11,45,197,0.679,6.7,1.2,-0.6,-0.1,10.5,0.5,0.103,-0.4,3.8,0.7,10.9,1.2,6.0,7.2,0.571,14.0,0.2,1.2,0.101,737067.0,803843.0
Chris Paul,PG,35,PHO,70,70,2199,439,879,0.499,102,258,0.395,337,621,0.543,0.557,169,181,0.934,25,287,312,622,99,19,156,166,1149,0.294,40.9,0.8,4.6,1.1,14.5,2.7,0.206,3.5,1.3,6.5,21.4,2.2,14.0,8.0,0.599,22.6,3.6,9.2,0.201,30800000.0,33590405.0
Cameron Payne,PG,26,PHO,60,1,1079,191,395,0.484,73,166,0.44,118,229,0.515,0.576,50,56,0.893,16,128,144,217,36,16,60,97,505,0.42,28.1,1.3,3.1,1.0,13.2,1.2,0.142,2.1,1.7,2.4,17.4,1.6,12.5,7.6,0.602,19.8,1.4,3.6,0.158,6500000.0,7088884.0
Elfrid Payton,PG,26,NYK,63,63,1484,269,622,0.432,28,98,0.286,241,524,0.46,0.455,73,107,0.682,64,152,216,203,47,9,103,116,639,0.158,21.6,0.6,-3.0,-0.1,11.0,1.9,0.172,-2.9,4.7,-0.9,11.7,1.6,13.3,7.9,0.478,23.2,-0.4,1.0,0.032,2239544.0,2442441.0
Gary Payton II,PG,28,GSW,10,0,40,10,13,0.769,2,4,0.5,8,9,0.889,0.846,3,4,0.75,2,9,11,1,6,1,1,8,25,0.308,4.1,2.2,9.2,8.2,23.6,0.1,0.308,1.0,5.4,0.2,29.2,7.0,6.3,14.6,0.847,16.8,0.1,0.3,0.331,1669178.0,1820401.0
Norvel Pelle,C,27,TOT,13,0,84,8,15,0.533,0,0,0.0,8,15,0.533,0.533,4,6,0.667,6,13,19,2,1,9,3,14,20,0.0,3.0,10.0,-2.6,1.9,16.5,0.1,0.4,-4.5,8.1,0.1,11.6,0.6,14.5,12.4,0.567,10.8,0.0,0.2,0.112,191860.0,209242.0
Reggie Perry,PF,20,BRK,26,0,211,32,78,0.41,4,21,0.19,28,57,0.491,0.436,10,13,0.769,27,46,73,14,6,6,15,40,78,0.269,9.0,2.5,-6.7,-1.4,22.9,0.2,0.167,-5.3,14.9,-0.1,11.0,1.4,15.2,19.1,0.466,20.4,-0.2,0.2,0.04,188272.0,205328.0
Theo Pinson,SG,25,NYK,17,0,34,1,9,0.111,0,8,0.0,1,1,1.0,0.111,0,0,0.0,0,5,5,1,0,0,1,4,2,0.889,3.7,0.0,-15.7,-2.5,15.8,0.0,0.0,-13.2,0.0,-0.2,-8.1,0.0,10.0,8.0,0.111,13.1,-0.1,-0.1,-0.205,440710.0,480637.0
Mason Plumlee,C,30,DET,56,56,1499,234,381,0.614,0,7,0.0,234,374,0.626,0.614,113,169,0.669,145,374,519,202,43,50,105,186,581,0.018,21.0,2.9,2.2,2.0,28.1,2.1,0.444,0.2,10.6,3.0,18.7,1.4,18.7,19.3,0.638,16.3,1.6,5.1,0.164,9248333.0,10086209.0
Jakob Poeltl,C,25,SAS,69,51,1845,265,430,0.616,0,0,0.0,265,430,0.616,0.616,63,124,0.508,219,328,547,134,47,123,83,172,593,0.0,10.1,5.7,0.8,1.2,19.3,2.5,0.288,-0.5,12.4,3.2,17.5,1.2,14.6,15.8,0.612,13.4,1.3,5.7,0.148,8750000.0,9542728.0
Aleksej Pokusevski,PF,19,OKC,45,28,1090,139,408,0.341,58,207,0.28,81,201,0.403,0.412,31,42,0.738,30,182,212,97,20,42,99,58,367,0.507,13.1,3.4,-6.1,-1.0,17.6,1.0,0.103,-5.1,2.8,-2.9,6.1,0.9,18.8,10.1,0.43,20.5,-1.1,-1.9,-0.084,3113160.0,3395204.0
Jordan Poole,SG,21,GSW,51,7,988,205,474,0.432,97,276,0.351,108,198,0.545,0.535,105,119,0.882,15,77,92,99,26,9,51,86,612,0.582,15.4,0.8,-0.5,-1.2,8.2,0.9,0.251,0.7,1.6,1.1,15.1,1.2,8.8,5.0,0.581,25.0,0.4,1.9,0.094,2161440.0,2357261.0
Jontay Porter,PF,21,MEM,11,0,54,8,15,0.533,3,8,0.375,5,7,0.714,0.633,3,5,0.6,4,10,14,1,3,1,7,12,22,0.533,2.5,1.7,-6.5,0.3,19.9,0.1,0.333,-6.8,7.8,-0.1,9.2,2.7,28.9,13.7,0.64,18.9,-0.1,0.0,0.019,300000.0,327179.0
Bobby Portis,C,25,MIL,66,7,1372,313,598,0.523,74,157,0.471,239,441,0.542,0.585,54,73,0.74,124,342,466,71,52,26,56,115,754,0.263,7.4,1.7,1.5,-0.4,25.3,2.0,0.122,1.8,9.9,2.8,19.9,1.8,8.2,17.9,0.598,20.9,1.2,4.8,0.167,4347600.0,4741482.0
Dwight Powell,C,29,DAL,58,19,966,120,194,0.619,5,21,0.238,115,173,0.665,0.631,97,124,0.782,80,154,234,63,36,30,40,135,342,0.108,8.9,2.9,0.6,1.3,17.4,1.2,0.639,-0.7,9.2,2.6,16.8,1.8,13.9,13.3,0.688,13.2,0.6,3.8,0.188,11080125.0,12083957.0
Norman Powell,SG-SF,27,TOT,69,58,2205,438,918,0.477,171,416,0.411,267,502,0.532,0.57,236,271,0.871,42,173,215,129,82,18,119,160,1283,0.453,9.2,0.8,0.4,-0.7,8.8,1.3,0.295,1.1,2.0,3.4,16.2,1.8,10.3,5.3,0.618,22.6,1.3,4.7,0.103,15517242.0,16923066.0
Taurean Prince,PF,26,TOT,41,10,905,131,327,0.401,62,155,0.4,69,172,0.401,0.495,65,76,0.855,19,123,142,76,28,23,47,75,389,0.474,12.8,2.3,-1.8,-0.6,15.3,0.8,0.232,-1.2,2.3,0.2,12.1,1.5,11.5,8.8,0.54,19.6,0.0,1.0,0.052,13334375.0,14542437.0
Payton Pritchard,SG,23,BOS,66,4,1268,184,418,0.44,102,248,0.411,82,170,0.482,0.562,40,45,0.889,33,125,158,120,37,9,53,104,510,0.593,13.3,0.7,-0.7,-0.4,11.1,0.9,0.108,-0.3,2.9,1.6,12.4,1.4,10.8,6.9,0.582,16.7,0.4,2.5,0.095,2137440.0,2331086.0
Immanuel Quickley,PG,21,NYK,64,3,1243,229,580,0.395,118,303,0.389,111,277,0.401,0.497,155,174,0.891,25,112,137,127,30,12,58,114,731,0.522,16.2,0.9,0.9,-0.5,9.7,1.4,0.3,1.4,2.2,1.8,15.8,1.2,8.1,6.0,0.557,25.6,0.9,3.2,0.125,2210640.0,2410918.0
Jahmi'us Ramsey,SG,19,SAC,13,0,94,15,38,0.395,5,19,0.263,10,19,0.526,0.461,5,5,1.0,2,8,10,6,4,1,3,8,40,0.5,8.8,0.9,-4.5,-1.4,9.6,0.0,0.132,-3.1,2.3,0.0,10.5,2.0,6.9,5.9,0.498,19.8,-0.1,0.0,0.012,1517981.0,1655506.0
Julius Randle,PF,26,NYK,71,71,2667,602,1321,0.456,160,389,0.411,442,932,0.474,0.516,348,429,0.811,84,639,723,427,64,18,241,225,1712,0.294,27.2,0.6,3.8,0.9,25.7,4.3,0.325,2.9,3.5,3.4,19.7,1.2,13.8,14.7,0.567,29.3,3.9,7.8,0.14,19800000.0,21593832.0
Cam Reddish,SF,21,ATL,26,21,750,96,263,0.365,33,126,0.262,63,137,0.46,0.428,67,82,0.817,22,82,104,35,33,9,34,68,292,0.479,6.5,1.1,-3.2,0.1,11.7,0.7,0.312,-3.3,3.3,-0.3,9.3,2.2,10.2,7.6,0.488,19.3,-0.2,0.4,0.026,4670160.0,5093265.0
Paul Reed,PF,21,PHI,26,0,177,42,78,0.538,0,6,0.0,42,72,0.583,0.538,4,8,0.5,30,31,61,12,10,13,12,29,88,0.077,11.0,6.6,-1.0,0.8,18.9,0.4,0.103,-1.8,19.0,0.2,21.2,2.7,12.8,19.0,0.54,22.7,0.0,0.6,0.162,1517981.0,1655506.0
Naz Reid,C,21,MIN,70,15,1347,304,581,0.523,61,174,0.351,243,407,0.597,0.576,115,166,0.693,82,240,322,72,34,76,69,179,784,0.299,8.7,4.9,-0.2,-0.2,20.0,1.3,0.286,-0.1,6.4,1.9,18.2,1.2,9.5,12.9,0.599,22.5,0.6,3.2,0.113,1782621.0,1944122.0
Nick Richards,PF,23,CHO,18,0,63,4,9,0.444,0,1,0.0,4,8,0.5,0.444,7,11,0.636,4,7,11,2,0,0,3,7,15,0.111,4.2,0.0,-8.0,-2.1,12.2,0.0,1.222,-5.9,6.8,0.0,5.5,0.0,17.8,9.5,0.542,11.5,-0.1,0.0,0.026,1517981.0,1655506.0
Josh Richardson,SG,27,DAL,59,56,1790,264,618,0.427,88,267,0.33,176,351,0.501,0.498,99,108,0.917,51,144,195,153,61,24,79,130,715,0.432,12.1,1.2,-1.7,-0.2,8.8,1.4,0.175,-1.5,3.2,1.0,11.9,1.7,10.6,6.0,0.537,18.4,0.1,2.4,0.066,11615328.0,12667648.0
Grant Riller,PG,23,CHO,7,0,27,8,12,0.667,2,4,0.5,6,8,0.75,0.75,0,0,0.0,0,1,1,3,1,0,1,0,18,0.333,20.9,0.0,5.1,0.5,4.1,0.0,0.0,4.6,0.0,0.1,23.6,1.8,7.7,2.0,0.75,20.7,0.0,0.1,0.177,162186.0,176879.0
Austin Rivers,SG,28,TOT,36,7,845,104,245,0.424,55,149,0.369,49,96,0.51,0.537,22,31,0.71,8,74,82,81,30,2,36,64,285,0.608,13.2,0.2,-1.9,0.3,9.6,0.9,0.127,-2.2,1.1,0.4,9.9,1.8,12.2,5.4,0.551,15.4,0.0,1.3,0.072,2401537.0,2619110.0
Duncan Robinson,SF,26,MIA,72,72,2262,315,717,0.439,250,613,0.408,65,104,0.625,0.614,62,75,0.827,7,243,250,127,43,20,81,181,942,0.855,8.3,0.9,-1.0,-0.8,12.1,1.8,0.105,-0.2,0.4,1.9,11.0,0.9,9.7,6.3,0.628,16.6,0.6,3.7,0.079,15650000.0,17067852.0
Justin Robinson,PG,23,OKC,9,0,88,7,21,0.333,4,14,0.286,3,7,0.429,0.429,3,5,0.6,1,6,7,9,3,0,2,10,21,0.667,14.1,0.0,-6.8,-1.0,7.2,0.0,0.238,-5.8,1.2,0.0,6.0,1.6,7.9,4.1,0.453,12.2,-0.1,0.0,0.021,265953.0,290047.0
Mitchell Robinson,C,22,NYK,31,29,853,115,176,0.653,0,0,0.0,115,176,0.653,0.653,26,53,0.491,113,139,252,17,35,45,26,86,256,0.0,2.9,5.0,1.2,1.5,17.5,1.7,0.301,-0.3,14.5,1.8,17.7,2.1,11.5,16.0,0.642,11.8,0.7,3.4,0.192,1802057.0,1965319.0
Isaiah Roby,PF,22,OKC,61,34,1425,207,429,0.483,32,109,0.294,175,320,0.547,0.52,87,117,0.744,89,252,341,107,52,37,113,162,533,0.254,11.4,2.3,-3.3,0.4,18.6,1.5,0.273,-3.7,6.4,-0.3,11.9,1.7,19.0,12.4,0.555,17.7,-0.5,1.3,0.043,1782621.0,1944122.0
Rajon Rondo,PG,34,TOT,45,3,770,95,215,0.442,36,89,0.404,59,126,0.468,0.526,16,17,0.941,18,92,110,199,37,4,79,53,242,0.414,35.3,0.5,-0.2,0.3,12.9,0.8,0.079,-0.5,2.7,0.5,13.2,2.4,26.2,7.9,0.544,17.2,0.4,1.3,0.081,7500000.0,8179481.0
Derrick Rose,PG,32,TOT,50,3,1279,287,611,0.47,50,129,0.388,237,482,0.492,0.511,110,127,0.866,20,110,130,209,49,19,78,56,734,0.211,28.0,1.4,1.9,0.3,9.3,1.6,0.208,1.6,1.7,1.6,18.3,1.9,10.5,5.5,0.55,25.8,1.3,3.1,0.118,13445120.0,14663215.0
Terrence Ross,SG,29,ORL,46,2,1347,254,616,0.412,89,264,0.337,165,352,0.469,0.485,120,138,0.87,15,143,158,108,47,21,74,88,717,0.429,13.2,1.4,-2.3,-0.8,11.4,1.0,0.224,-1.4,1.1,-0.1,13.2,1.7,9.9,6.1,0.53,24.1,-0.1,0.9,0.03,12500000.0,13632469.0
Terry Rozier,SG,26,CHO,69,69,2383,510,1134,0.45,222,571,0.389,288,563,0.512,0.548,165,202,0.817,47,255,302,293,87,26,128,119,1407,0.504,20.0,1.1,1.6,-0.5,11.8,2.0,0.178,2.2,2.1,3.3,17.1,1.8,9.5,6.9,0.575,24.4,2.2,5.2,0.105,17905263.0,19527436.0
Ricky Rubio,PG,30,MIN,68,51,1772,193,498,0.388,66,214,0.308,127,284,0.447,0.454,130,150,0.867,28,195,223,433,98,4,111,139,582,0.43,33.3,0.2,-1.9,0.0,12.4,1.3,0.301,-1.9,1.6,1.9,13.5,2.6,16.4,6.8,0.516,16.0,0.0,3.1,0.085,17800000.0,19412636.0
D'Angelo Russell,PG,24,MIN,42,26,1196,281,652,0.431,120,310,0.387,161,342,0.471,0.523,114,149,0.765,16,95,111,244,45,18,112,68,796,0.475,33.6,1.3,1.6,-1.7,8.9,0.6,0.229,3.3,1.4,1.0,17.6,1.8,13.5,5.0,0.555,29.1,1.1,1.6,0.063,30013500.0,32732650.0
Domantas Sabonis,PF,24,IND,62,62,2231,484,904,0.535,52,162,0.321,432,742,0.582,0.564,240,328,0.732,150,592,742,415,76,33,213,203,1260,0.179,27.5,1.2,3.8,1.6,28.6,3.0,0.363,2.3,7.3,4.0,20.6,1.6,16.9,18.0,0.601,24.1,3.3,6.9,0.149,18500000.0,20176055.0
Jay Scrubb,SG,20,LAC,4,1,84,14,36,0.389,2,9,0.222,12,27,0.444,0.417,5,5,1.0,2,12,14,1,4,0,7,5,35,0.25,1.7,0.0,-10.9,-2.8,15.6,0.1,0.139,-8.1,2.8,-0.2,6.3,2.4,15.5,9.4,0.458,23.8,-0.2,-0.1,-0.072,462629.0,504542.0
Collin Sexton,SG,22,CLE,60,60,2115,525,1105,0.475,98,264,0.371,427,841,0.508,0.519,312,383,0.815,58,129,187,262,62,10,167,157,1460,0.239,22.6,0.4,-0.2,-1.9,7.0,0.9,0.347,1.8,3.0,2.6,18.0,1.4,11.6,4.9,0.573,29.7,1.0,3.5,0.08,6349671.0,6924935.0
Landry Shamet,SG,23,BRK,61,12,1403,186,456,0.408,129,333,0.387,57,123,0.463,0.549,66,78,0.846,11,101,112,99,31,10,48,93,567,0.73,9.3,0.6,-2.4,-1.5,7.6,0.6,0.171,-1.0,0.9,1.2,10.3,1.1,8.9,4.4,0.578,16.7,-0.2,1.8,0.063,3768342.0,4109744.0
Pascal Siakam,PF,26,TOR,56,56,2006,437,961,0.455,73,246,0.297,364,715,0.509,0.493,249,301,0.827,95,310,405,250,64,37,130,174,1196,0.256,20.5,1.8,0.8,-0.3,17.6,2.0,0.313,1.0,5.0,2.3,17.7,1.5,10.6,11.1,0.547,26.3,1.4,4.2,0.101,33003936.0,35994012.0
Chris Silva,PF,24,TOT,15,0,92,10,16,0.625,1,1,1.0,9,15,0.6,0.656,11,15,0.733,7,20,27,6,1,6,10,24,32,0.063,9.3,6.6,-5.5,1.1,24.4,0.1,0.938,-6.7,8.9,0.1,11.5,0.5,30.7,16.8,0.708,15.9,-0.1,0.2,0.101,479650.0,523105.0
Ben Simmons,PG,24,PHI,58,58,1877,325,583,0.557,3,10,0.3,322,573,0.562,0.56,176,287,0.613,93,324,417,401,93,35,173,171,829,0.017,31.3,1.7,2.9,2.2,18.7,3.3,0.492,0.7,5.6,2.7,18.3,2.4,19.6,12.2,0.584,20.2,2.3,6.0,0.153,33003936.0,35994012.0
Anfernee Simons,SG,21,POR,64,0,1104,168,401,0.419,120,282,0.426,48,119,0.403,0.569,46,57,0.807,14,126,140,89,18,8,43,96,502,0.703,11.4,0.6,-1.0,-1.6,12.5,0.3,0.142,0.6,1.3,1.5,12.3,0.8,9.2,6.8,0.589,18.3,0.3,1.8,0.078,3938818.0,4295665.0
Deividas Sirvydis,SG,20,DET,20,0,133,14,40,0.35,10,28,0.357,4,12,0.333,0.475,3,6,0.5,0,29,29,5,2,0,5,9,41,0.7,5.4,0.0,-5.4,-1.2,24.5,0.1,0.15,-4.2,0.0,-0.1,5.7,0.7,10.5,12.1,0.481,15.7,-0.1,0.0,-0.01,1603559.0,1748837.0
Marcus Smart,PG,26,BOS,48,45,1581,203,510,0.398,93,282,0.33,110,228,0.482,0.489,128,162,0.79,36,131,167,273,72,23,96,126,627,0.553,23.6,1.4,-0.3,0.2,9.3,1.5,0.318,-0.4,2.5,1.8,13.8,2.2,14.2,5.9,0.539,18.4,0.7,3.3,0.1,13839285.0,15093090.0
Jalen Smith,PF,20,PHO,27,1,156,22,50,0.44,4,17,0.235,18,33,0.545,0.48,5,7,0.714,7,30,37,4,1,5,7,16,53,0.34,3.4,2.9,-6.1,-1.3,21.4,0.2,0.14,-4.8,5.2,-0.1,8.4,0.3,11.7,13.4,0.499,17.1,-0.2,0.1,0.022,4458000.0,4861884.0
Tony Snell,SG,29,ATL,47,23,992,88,171,0.515,62,109,0.569,26,62,0.419,0.696,11,11,1.0,18,94,112,59,13,11,21,75,249,0.637,7.9,1.0,-0.5,-0.1,10.2,0.5,0.064,-0.4,2.0,1.6,9.5,0.6,10.7,6.2,0.708,8.6,0.4,2.0,0.099,2389641.0,2606136.0
Cassius Stanley,SG,21,IND,24,0,93,13,43,0.302,3,13,0.231,10,30,0.333,0.337,7,9,0.778,8,12,20,1,1,2,1,14,36,0.302,1.4,1.7,-11.2,-4.0,13.9,0.1,0.209,-7.2,9.4,-0.2,5.5,0.5,2.1,11.7,0.383,22.0,-0.2,-0.1,-0.05,256734.0,279993.0
Lamar Stevens,PF,23,CLE,40,0,499,62,136,0.456,4,25,0.16,58,111,0.523,0.471,37,51,0.725,24,72,96,25,17,13,23,53,165,0.184,7.4,2.3,-4.2,0.0,16.6,0.5,0.375,-4.2,5.3,0.0,10.5,1.7,12.7,10.8,0.521,15.8,-0.3,0.4,0.043,1517981.0,1655506.0
Isaiah Stewart,C,19,DET,68,14,1455,226,409,0.553,21,63,0.333,205,346,0.592,0.578,64,92,0.696,159,294,453,59,39,86,67,184,537,0.154,6.3,5.2,-1.1,0.5,22.7,2.1,0.225,-1.6,12.0,1.9,16.4,1.3,13.0,17.3,0.597,15.5,0.3,4.0,0.132,3277080.0,3573975.0
Max Strus,SF,24,MIA,39,0,507,85,187,0.455,50,148,0.338,35,39,0.897,0.588,16,24,0.667,5,36,41,24,11,2,8,43,236,0.791,7.3,0.4,-2.2,-1.7,8.0,0.3,0.128,-0.5,1.1,0.6,12.1,1.1,3.9,4.6,0.597,18.3,0.0,0.9,0.088,1669178.0,1820401.0
Edmond Sumner,SG,25,IND,53,24,861,148,282,0.525,35,88,0.398,113,194,0.582,0.587,68,83,0.819,18,76,94,49,33,10,51,88,399,0.312,7.9,0.9,-2.8,-0.5,9.5,0.7,0.294,-2.3,2.3,0.7,12.7,1.8,13.8,5.9,0.626,18.3,-0.2,1.4,0.077,2320000.0,2530186.0
Jae'Sean Tate,SF,25,HOU,70,58,2043,316,625,0.506,60,195,0.308,256,430,0.595,0.554,102,147,0.694,132,242,374,178,85,36,98,222,794,0.312,13.2,1.6,-1.4,0.3,13.2,1.6,0.235,-1.6,6.6,2.2,13.8,2.0,12.4,9.8,0.576,16.4,0.3,3.8,0.088,1517981.0,1655506.0
Jayson Tatum,SF,22,BOS,64,64,2290,605,1318,0.459,187,485,0.386,418,833,0.502,0.53,295,340,0.868,50,422,472,276,75,31,171,122,1692,0.368,20.3,1.3,3.9,-0.3,20.7,2.5,0.258,4.2,2.4,4.1,21.3,1.6,10.4,11.5,0.576,30.8,3.4,6.5,0.137,28103500.0,30649609.0
Garrett Temple,SG,34,CHI,56,25,1528,158,381,0.415,67,200,0.335,91,181,0.503,0.503,40,50,0.8,29,131,160,124,43,30,58,126,423,0.525,10.5,1.7,-3.1,0.3,9.4,1.4,0.131,-3.3,2.1,0.2,8.2,1.4,12.6,5.8,0.525,13.1,-0.4,1.6,0.05,4910000.0,5354834.0
Tyrell Terry,PG,20,DAL,11,0,56,5,16,0.313,0,7,0.0,5,9,0.556,0.313,1,3,0.333,0,6,6,6,5,0,2,2,11,0.438,14.0,0.0,-5.0,2.6,11.7,0.1,0.188,-7.5,0.0,-0.1,6.0,4.4,10.4,5.9,0.318,15.3,0.0,-0.1,-0.049,1869438.0,2038804.0
Daniel Theis,C,28,TOT,65,51,1601,252,466,0.541,49,152,0.322,203,314,0.646,0.593,74,110,0.673,93,263,356,108,41,57,66,167,627,0.326,9.5,3.3,0.0,0.7,18.3,1.8,0.236,-0.7,6.5,2.4,15.0,1.2,11.4,12.4,0.609,15.6,0.8,4.3,0.128,8280351.0,9030530.0
Brodric Thomas,SG,24,TOT,32,1,399,39,108,0.361,16,59,0.271,23,49,0.469,0.435,31,46,0.674,8,45,53,30,15,10,22,40,125,0.546,10.7,2.2,-4.4,0.3,12.9,0.3,0.426,-4.7,2.2,-0.3,8.0,1.8,14.6,7.4,0.487,16.4,-0.2,0.1,0.006,462629.0,504542.0
Isaiah Thomas,PG,31,NOP,3,0,48,9,27,0.333,3,12,0.25,6,15,0.4,0.389,2,2,1.0,1,3,4,5,1,0,6,3,23,0.444,15.1,0.0,-13.1,-5.2,6.8,0.0,0.074,-7.8,2.3,-0.2,2.4,1.0,17.7,4.5,0.412,29.7,-0.1,-0.2,-0.179,910926.0,993452.0
Matt Thomas,SG,26,TOT,45,0,326,50,127,0.394,27,80,0.338,23,47,0.489,0.5,12,14,0.857,7,37,44,19,4,0,14,18,139,0.63,8.6,0.0,-4.6,-2.0,12.2,0.2,0.11,-2.6,2.3,0.0,9.1,0.6,9.5,7.3,0.522,19.5,-0.2,0.2,0.031,1669178.0,1820401.0
Tristan Thompson,PF,29,BOS,54,43,1287,169,326,0.518,0,3,0.0,169,323,0.523,0.518,71,120,0.592,169,270,439,67,24,33,62,119,409,0.009,7.2,2.4,-2.5,-1.0,23.5,1.4,0.368,-1.5,14.5,1.5,14.2,0.9,14.1,19.0,0.54,14.8,-0.2,2.9,0.107,9946611.0,10847749.0
Matisse Thybulle,SG,23,PHI,65,8,1298,102,243,0.42,43,143,0.301,59,100,0.59,0.508,8,18,0.444,30,94,124,63,105,71,32,127,255,0.588,6.3,4.9,1.9,4.5,7.8,2.7,0.074,-2.6,2.6,0.1,10.1,3.9,11.3,5.3,0.508,9.4,1.3,2.8,0.102,2840160.0,3097471.0
Killian Tillie,C,22,MEM,18,1,182,19,57,0.333,10,33,0.303,9,24,0.375,0.421,9,11,0.818,6,18,24,8,5,8,2,20,57,0.579,5.6,4.0,-3.7,-0.3,10.6,0.2,0.193,-3.4,3.5,0.0,8.5,1.3,3.1,7.0,0.461,14.8,-0.1,0.2,0.055,1901625.0,2073907.0
Anthony Tolliver,PF,35,PHI,11,0,99,4,17,0.235,4,14,0.286,0,3,0.0,0.353,5,6,0.833,3,7,10,2,3,2,3,7,17,0.824,2.5,1.8,-7.0,-1.5,7.6,0.1,0.353,-5.6,3.4,-0.1,4.0,1.5,13.3,5.6,0.433,9.8,-0.1,0.1,0.025,151821.0,165575.0
Obi Toppin,PF,22,NYK,62,0,683,104,209,0.498,26,85,0.306,78,124,0.629,0.56,19,26,0.731,26,112,138,29,17,15,23,55,253,0.407,6.4,2.1,-0.7,0.7,17.6,1.0,0.124,-1.4,4.2,0.5,12.7,1.2,9.4,11.0,0.574,15.9,0.2,1.5,0.109,5105160.0,5567675.0
Juan Toscano-Anderson,SG,27,GSW,53,16,1107,121,209,0.579,37,92,0.402,84,117,0.718,0.667,22,31,0.71,29,205,234,150,41,26,61,111,301,0.44,18.1,2.1,0.8,2.2,19.5,1.6,0.148,-1.4,2.8,1.4,12.6,1.7,21.5,11.3,0.676,11.0,0.8,3.0,0.13,1701593.0,1855753.0
Karl-Anthony Towns,C,25,MIN,50,50,1689,425,875,0.486,122,315,0.387,303,560,0.541,0.555,267,311,0.859,133,396,529,225,39,57,160,186,1239,0.36,22.6,2.9,4.5,0.2,26.4,1.6,0.355,4.3,8.2,3.8,23.1,1.1,13.7,17.0,0.612,29.1,2.8,5.4,0.153,31650600.0,34518067.0
Rayjon Tucker,PG,23,PHI,14,0,68,9,18,0.5,2,7,0.286,7,11,0.636,0.556,14,19,0.737,1,10,11,6,2,0,4,8,34,0.389,12.2,0.0,-3.4,-0.4,15.9,0.1,1.056,-3.0,1.6,0.1,15.1,1.4,13.2,8.9,0.645,19.2,0.0,0.2,0.166,220639.0,240628.0
Myles Turner,C,24,IND,47,47,1455,206,432,0.477,69,206,0.335,137,226,0.606,0.557,111,142,0.782,63,243,306,48,40,159,67,165,592,0.477,4.4,8.8,0.4,2.0,18.0,2.2,0.329,-1.6,4.7,1.1,15.3,1.3,11.9,11.4,0.599,16.4,0.9,3.3,0.11,18000000.0,19630756.0
Denzel Valentine,SG,27,CHI,62,3,1036,155,416,0.373,80,242,0.331,75,174,0.431,0.469,16,17,0.941,24,173,197,105,30,7,42,70,406,0.582,14.0,0.6,-2.7,-0.4,18.3,1.1,0.041,-2.2,2.6,-0.4,10.1,1.4,9.0,10.5,0.479,19.5,-0.2,0.7,0.032,1005633.0,1096740.0
Jarred Vanderbilt,PF,21,MIN,64,30,1139,143,236,0.606,1,5,0.2,142,231,0.615,0.608,57,102,0.559,118,250,368,76,64,46,53,123,344,0.021,9.3,3.5,-0.1,1.4,24.7,1.5,0.432,-1.4,10.8,1.6,16.2,2.7,15.9,17.5,0.612,12.3,0.5,3.1,0.132,4050000.0,4416920.0
Fred VanVleet,SG,26,TOR,52,52,1899,338,870,0.389,174,476,0.366,164,394,0.416,0.489,169,191,0.885,32,188,220,328,87,37,95,119,1019,0.547,26.7,2.0,2.5,0.2,11.3,1.8,0.22,2.2,1.8,2.4,16.8,2.2,9.1,6.4,0.534,23.9,2.2,4.3,0.108,19675926.0,21458517.0
Devin Vassell,SF,20,SAS,62,7,1056,123,303,0.406,52,150,0.347,71,153,0.464,0.492,43,51,0.843,24,150,174,56,43,18,22,88,341,0.495,7.1,1.4,-1.5,0.7,15.4,1.1,0.168,-2.2,2.4,0.4,10.6,2.0,6.3,8.8,0.524,14.3,0.1,1.5,0.069,4235160.0,4618855.0
Gabe Vincent,PG,24,MIA,50,7,655,88,233,0.378,46,149,0.309,42,84,0.5,0.476,20,23,0.87,10,46,56,67,21,2,34,79,242,0.639,15.1,0.3,-5.4,-0.9,7.9,0.5,0.099,-4.5,1.8,-0.4,7.6,1.6,12.3,4.9,0.498,19.1,-0.6,0.2,0.011,1669178.0,1820401.0
Dean Wade,PF,24,CLE,63,19,1212,134,311,0.431,78,213,0.366,56,98,0.571,0.556,30,39,0.769,38,177,215,74,35,21,30,78,376,0.685,8.9,1.5,-1.3,-0.1,16.8,0.9,0.125,-1.1,3.4,1.1,11.3,1.4,8.4,9.9,0.573,12.9,0.2,2.0,0.08,1782621.0,1944122.0
Moritz Wagner,C,23,TOT,45,24,722,104,229,0.454,31,91,0.341,73,138,0.529,0.522,71,87,0.816,27,119,146,50,26,18,43,108,310,0.397,9.7,2.2,-2.6,0.2,17.7,0.8,0.38,-2.7,3.9,0.5,12.5,1.7,13.9,10.7,0.58,18.1,-0.1,1.2,0.082,1729217.0,1885879.0
Kemba Walker,PG,30,BOS,43,43,1369,284,676,0.42,127,353,0.36,157,323,0.486,0.514,134,149,0.899,16,154,170,212,48,12,88,61,829,0.522,23.8,0.8,2.1,-0.7,12.6,1.1,0.22,2.8,1.3,2.1,17.7,1.7,10.6,6.9,0.559,26.1,1.4,3.3,0.115,34967442.0,38135407.0
John Wall,PG,30,HOU,40,40,1288,293,726,0.404,79,249,0.317,214,477,0.449,0.458,158,211,0.749,17,112,129,275,42,31,141,46,823,0.343,36.2,2.1,-0.7,-1.9,9.7,0.8,0.291,1.2,1.3,-1.0,15.4,1.5,14.7,5.3,0.503,31.7,0.4,-0.2,-0.007,44310840.0,48325294.0
Brad Wanamaker,PG,31,TOT,61,0,1053,115,299,0.385,16,85,0.188,99,214,0.463,0.411,90,101,0.891,18,87,105,174,43,11,71,94,336,0.284,22.5,1.0,-4.0,0.3,8.8,1.0,0.338,-4.4,1.8,-0.2,9.5,1.9,17.1,5.3,0.489,16.9,-0.5,0.9,0.039,814918.0,888747.0
Yuta Watanabe,SF,26,TOR,50,4,723,79,180,0.439,36,90,0.4,43,90,0.478,0.539,24,29,0.828,36,123,159,40,26,19,19,57,218,0.5,7.7,2.6,-0.7,0.5,19.4,0.8,0.161,-1.1,5.3,0.7,12.2,1.7,9.0,12.1,0.565,12.7,0.2,1.5,0.102,1762796.0,1922501.0
Tremont Waters,PG,23,BOS,26,3,238,34,84,0.405,15,38,0.395,19,46,0.413,0.494,16,17,0.941,5,16,21,62,15,1,27,17,99,0.452,36.4,0.4,0.3,-0.1,7.5,0.2,0.202,0.4,2.3,0.2,14.6,3.1,22.8,4.9,0.541,21.4,0.1,0.4,0.08,191860.0,209242.0
Paul Watson,SF,26,TOR,27,2,297,38,82,0.463,30,64,0.469,8,18,0.444,0.646,5,8,0.625,4,41,45,17,6,3,9,36,111,0.78,8.2,1.0,-1.3,-0.6,15.7,0.2,0.098,-0.8,1.4,0.4,10.9,1.0,9.5,8.3,0.649,13.7,0.1,0.6,0.096,303102.0,330562.0
Quinndary Weatherspoon,SG,24,SAS,20,0,121,16,35,0.457,1,6,0.167,15,29,0.517,0.471,13,16,0.813,3,8,11,8,8,2,10,18,46,0.171,9.1,1.4,-5.0,0.7,7.2,0.1,0.457,-5.8,2.6,-0.1,9.6,3.2,19.2,4.8,0.547,18.7,-0.1,0.1,0.023,346491.0,377882.0
Russell Westbrook,PG,32,WAS,65,65,2369,544,1238,0.439,86,273,0.315,458,965,0.475,0.474,271,413,0.656,109,641,750,763,89,23,312,190,1445,0.221,48.6,0.8,3.7,1.1,28.6,3.2,0.334,2.6,4.9,0.5,19.5,1.7,18.0,16.8,0.509,30.2,3.4,3.7,0.075,44211146.0,48216568.0
Coby White,PG,20,CHI,69,54,2156,375,902,0.416,163,454,0.359,212,448,0.473,0.506,128,142,0.901,28,256,284,328,38,15,156,179,1041,0.503,21.8,0.6,-2.4,-1.2,13.0,1.7,0.157,-1.2,1.5,0.7,12.0,0.9,13.9,7.3,0.54,22.5,-0.2,2.4,0.052,5837760.0,6366646.0
Derrick White,SG,26,SAS,36,32,1064,186,453,0.411,84,243,0.346,102,210,0.486,0.503,97,114,0.851,13,94,107,127,26,36,45,91,553,0.536,17.4,2.9,1.3,0.0,9.6,0.9,0.252,1.3,1.3,1.0,15.0,1.2,8.2,5.4,0.55,22.4,0.9,1.9,0.085,15678571.0,17099011.0
Hassan Whiteside,C,31,SAC,36,4,546,126,224,0.563,0,1,0.0,126,223,0.565,0.563,41,79,0.519,61,154,215,20,9,46,40,73,293,0.004,5.6,7.1,-2.2,-0.4,31.8,0.6,0.353,-1.8,12.2,0.3,19.2,0.8,13.4,21.9,0.566,23.5,0.0,0.9,0.081,2401537.0,2619110.0
Andrew Wiggins,PF,25,GSW,71,71,2364,505,1058,0.477,140,368,0.38,365,690,0.529,0.543,170,238,0.714,82,265,347,167,67,70,126,159,1320,0.348,10.9,2.6,-0.4,-0.4,11.8,2.7,0.225,0.0,3.7,1.2,15.0,1.3,9.8,7.8,0.568,23.3,1.0,3.9,0.08,31579390.0,34440406.0
Grant Williams,PF,22,BOS,63,9,1138,108,247,0.437,48,129,0.372,60,118,0.508,0.534,30,51,0.588,48,130,178,64,32,24,56,161,294,0.522,7.4,2.0,-3.7,0.3,12.8,1.0,0.206,-4.0,4.7,0.1,7.5,1.4,17.2,8.7,0.546,12.3,-0.5,1.1,0.046,2617800.0,2854966.0
Kenrich Williams,PF,26,OKC,66,13,1426,219,411,0.533,52,117,0.444,167,294,0.568,0.596,36,63,0.571,84,189,273,152,55,17,76,143,526,0.285,16.4,1.1,-0.7,0.5,14.0,1.2,0.153,-1.2,6.1,1.6,14.0,1.8,14.8,10.0,0.599,15.3,0.4,2.8,0.096,2000000.0,2181195.0
Patrick Williams,PF,19,CHI,71,71,1983,255,528,0.483,54,138,0.391,201,390,0.515,0.534,91,125,0.728,66,261,327,99,64,46,98,126,655,0.261,6.7,2.0,-2.4,0.4,14.4,2.2,0.237,-2.8,3.7,0.3,10.5,1.6,14.4,9.1,0.562,14.9,-0.2,2.5,0.06,7422000.0,8094415.0
Robert Williams,C,23,BOS,52,13,985,186,258,0.721,0,2,0.0,186,256,0.727,0.721,45,73,0.616,133,225,358,94,43,91,52,105,417,0.008,14.2,8.6,6.0,3.1,25.6,1.9,0.283,2.9,14.9,3.4,25.7,2.1,15.2,20.2,0.719,15.0,2.0,5.3,0.258,3661976.0,3993742.0
Zion Williamson,PF,20,NOP,61,61,2026,634,1037,0.611,10,34,0.294,624,1003,0.622,0.616,369,529,0.698,167,274,441,226,57,39,167,135,1647,0.033,19.7,1.8,5.8,-0.3,14.7,1.6,0.51,6.1,8.9,7.1,27.1,1.3,11.6,11.8,0.649,29.8,4.0,8.7,0.205,10733400.0,11705820.0
Dylan Windler,SF,24,CLE,31,0,513,57,130,0.438,26,77,0.338,31,53,0.585,0.538,21,27,0.778,20,87,107,33,19,12,32,37,161,0.592,9.4,2.1,-1.7,0.3,19.5,0.5,0.208,-2.0,4.3,0.0,10.8,1.8,18.4,11.7,0.567,14.8,0.0,0.5,0.045,2239200.0,2442066.0
Justise Winslow,SF,24,MEM,26,1,507,74,210,0.352,10,54,0.185,64,156,0.41,0.376,20,35,0.571,18,100,118,50,15,12,37,47,178,0.257,13.3,2.1,-6.0,0.2,21.1,0.6,0.167,-6.2,3.7,-1.3,6.2,1.4,14.1,12.3,0.395,21.9,-0.5,-0.7,-0.066,3902439.0,4255990.0
Cassius Winston,PG,22,WAS,22,0,98,14,33,0.424,8,17,0.471,6,16,0.375,0.545,5,6,0.833,0,9,9,12,2,1,5,8,41,0.515,16.3,0.9,-3.2,-1.1,9.7,0.1,0.182,-2.1,0.0,0.1,10.8,0.9,12.3,4.9,0.575,17.2,0.0,0.1,0.066,462629.0,504542.0
James Wiseman,C,19,GSW,39,27,836,191,368,0.519,12,38,0.316,179,330,0.542,0.535,54,86,0.628,55,171,226,26,11,36,60,121,448,0.103,4.9,3.8,-5.0,-1.0,21.5,1.2,0.234,-4.0,7.1,-0.4,13.1,0.6,12.9,14.4,0.552,23.8,-0.6,0.7,0.042,9166800.0,9997289.0
Christian Wood,C,25,HOU,41,41,1326,329,640,0.514,77,206,0.374,252,434,0.581,0.574,125,198,0.631,76,319,395,71,34,48,80,88,860,0.322,9.4,3.2,1.4,-0.3,26.8,1.4,0.309,1.7,5.9,1.4,20.0,1.2,9.9,15.9,0.591,25.9,1.1,2.8,0.1,13666667.0,14904833.0
Delon Wright,SG-PG,28,TOT,63,39,1748,240,518,0.463,64,172,0.372,176,346,0.509,0.525,101,126,0.802,65,204,269,278,101,30,83,75,645,0.332,23.0,1.5,2.2,1.5,13.1,1.8,0.243,0.6,4.1,2.5,16.3,2.8,12.6,8.6,0.562,16.3,1.8,4.3,0.117,8526316.0,9298779.0
Thaddeus Young,PF,32,CHI,68,23,1652,370,662,0.559,12,45,0.267,358,617,0.58,0.568,71,113,0.628,168,255,423,291,74,40,137,152,823,0.068,27.1,2.1,3.3,1.4,16.9,2.2,0.171,1.9,11.4,2.8,20.3,2.2,16.1,14.2,0.578,22.3,2.2,5.1,0.147,14190000.0,15475579.0
Trae Young,PG,22,ATL,63,63,2125,487,1112,0.438,136,397,0.343,351,715,0.491,0.499,484,546,0.886,38,207,245,594,53,12,261,111,1594,0.357,45.5,0.5,3.7,-1.7,10.5,1.3,0.491,5.3,2.0,5.9,23.0,1.2,16.2,6.3,0.589,33.0,3.0,7.2,0.163,8326471.0,9080829.0
Cody Zeller,C,28,CHO,48,21,1005,181,324,0.559,4,28,0.143,177,296,0.598,0.565,85,119,0.714,119,209,328,86,27,17,51,121,451,0.086,13.2,1.7,-0.5,-0.2,22.9,1.1,0.367,-0.2,12.6,2.1,18.2,1.3,11.9,17.7,0.599,18.3,0.4,3.3,0.156,2389641.0,2606136.0
Ivica Zubac,C,23,LAC,72,33,1609,257,394,0.652,1,4,0.25,256,390,0.656,0.654,135,171,0.789,189,330,519,90,24,62,81,187,650,0.01,7.9,3.4,1.0,0.4,22.4,2.1,0.434,0.6,13.6,4.8,19.1,0.7,14.7,18.1,0.693,15.1,1.2,6.9,0.206,7518518.0,8199677.0
